DeltaTime,SystemTime,Frame,DistanceTrackedObject_SpeedThisFrame,DistanceTrackedObject_DistanceTraveled,DistanceTrackedObject_TimeStartedInSeconds,DistanceTrackedObject_TimeSinceStarted,DistanceTrackedObject_Speed,DistanceTrackedObject_LastRecordedPositionDistanceTrackedObject_LastRecordedPosition_x,DistanceTrackedObject_LastRecordedPosition_y,DistanceTrackedObject_LastRecordedPosition_z,UserData_userID,
0.02,0,1,0,0,0,0,NaN,0,0,0,TestUser,
0.02,0.02,2,0,0,0,0.02,0,0,0,0,TestUser,
0.3333333,0.3533334,3,0,0,0,0.3533334,0,0,0,0,TestUser,
0.0256103,0.3789437,4,0,0,0,0.3789437,0,0,0,0,TestUser,
0.0055836,0.3845272,5,0,0,0,0.3845272,0,0,0,0,TestUser,
0.0027194,0.3872466,6,0,0,0,0.3872466,0,0,0,0,TestUser,
0.0032155,0.3904621,7,0,0,0,0.3904621,0,0,0,0,TestUser,
0.0024401,0.3929023,8,0,0,0,0.3929023,0,0,0,0,TestUser,
0.0032046,0.3961068,9,0,0,0,0.3961068,0,0,0,0,TestUser,
0.0039837,0.4000905,10,0,0,0,0.4000905,0,0,0,0,TestUser,
0.0024425,0.4025331,11,0,0,0,0.4025331,0,0,0,0,TestUser,
0.0027637,0.4052967,12,0,0,0,0.4052967,0,0,0,0,TestUser,
0.0020201,0.4073168,13,0,0,0,0.4073168,0,0,0,0,TestUser,
0.0019019,0.4092187,14,0,0,0,0.4092187,0,0,0,0,TestUser,
0.0019755,0.4111942,15,0,0,0,0.4111942,0,0,0,0,TestUser,
0.0026495,0.4138438,16,0,0,0,0.4138438,0,0,0,0,TestUser,
0.0021973,0.416041,17,0,0,0,0.416041,0,0,0,0,TestUser,
0.0022907,0.4183317,18,0,0,0,0.4183317,0,0,0,0,TestUser,
0.0027425,0.4210742,19,0,0,0,0.4210742,0,0,0,0,TestUser,
0.002163,0.4232372,20,0,0,0,0.4232372,0,0,0,0,TestUser,
0.0019853,0.4252225,21,0,0,0,0.4252225,0,0,0,0,TestUser,
0.0017282,0.4269508,22,0,0,0,0.4269508,0,0,0,0,TestUser,
0.002725,0.4296757,23,0,0,0,0.4296757,0,0,0,0,TestUser,
0.002163,0.4318388,24,0,0,0,0.4318388,0,0,0,0,TestUser,
0.0023156,0.4341543,25,0,0,0,0.4341543,0,0,0,0,TestUser,
0.0025596,0.4367139,26,0,0,0,0.4367139,0,0,0,0,TestUser,
0.0019567,0.4386706,27,0,0,0,0.4386706,0,0,0,0,TestUser,
0.0018581,0.4405288,28,0,0,0,0.4405288,0,0,0,0,TestUser,
0.0019981,0.4425268,29,0,0,0,0.4425268,0,0,0,0,TestUser,
0.0027832,0.4453101,30,0,0,0,0.4453101,0,0,0,0,TestUser,
0.0018549,0.447165,31,0,0,0,0.447165,0,0,0,0,TestUser,
0.0018992,0.4490641,32,0,0,0,0.4490641,0,0,0,0,TestUser,
0.0021941,0.4512582,33,0,0,0,0.4512582,0,0,0,0,TestUser,
0.0024591,0.4537174,34,0,0,0,0.4537174,0,0,0,0,TestUser,
0.0018333,0.4555506,35,0,0,0,0.4555506,0,0,0,0,TestUser,
0.0016856,0.4572362,36,0,0,0,0.4572362,0,0,0,0,TestUser,
0.0016267,0.4588629,37,0,0,0,0.4588629,0,0,0,0,TestUser,
0.0020355,0.4608984,38,0,0,0,0.4608984,0,0,0,0,TestUser,
0.0017289,0.4626274,39,0,0,0,0.4626274,0,0,0,0,TestUser,
0.0015889,0.4642162,40,0,0,0,0.4642162,0,0,0,0,TestUser,
0.0018603,0.4660766,41,0,0,0,0.4660766,0,0,0,0,TestUser,
0.0022493,0.4683259,42,0,0,0,0.4683259,0,0,0,0,TestUser,
0.0015652,0.469891,43,0,0,0,0.469891,0,0,0,0,TestUser,
0.0014335,0.4713245,44,0,0,0,0.4713245,0,0,0,0,TestUser,
0.0014343,0.4727588,45,0,0,0,0.4727588,0,0,0,0,TestUser,
0.0014128,0.4741716,46,0,0,0,0.4741716,0,0,0,0,TestUser,
0.0022616,0.4764332,47,0,0,0,0.4764332,0,0,0,0,TestUser,
0.0021058,0.478539,48,0,0,0,0.478539,0,0,0,0,TestUser,
0.0015911,0.4801301,49,0,0,0,0.4801301,0,0,0,0,TestUser,
0.0023182,0.4824483,50,0,0,0,0.4824483,0,0,0,0,TestUser,
0.0021848,0.4846331,51,0,0,0,0.4846331,0,0,0,0,TestUser,
0.0016085,0.4862416,52,0,0,0,0.4862416,0,0,0,0,TestUser,
0.0014946,0.4877363,53,0,0,0,0.4877363,0,0,0,0,TestUser,
0.0014983,0.4892345,54,0,0,0,0.4892345,0,0,0,0,TestUser,
0.0014746,0.4907092,55,0,0,0,0.4907092,0,0,0,0,TestUser,
0.0023617,0.4930708,56,0,0,0,0.4930708,0,0,0,0,TestUser,
0.0015639,0.4946347,57,0,0,0,0.4946347,0,0,0,0,TestUser,
0.0018176,0.4964523,58,0,0,0,0.4964523,0,0,0,0,TestUser,
0.0020047,0.498457,59,0,0,0,0.498457,0,0,0,0,TestUser,
0.0030513,0.5015084,60,0,0,0,0.5015084,0,0,0,0,TestUser,
0.0020668,0.5035751,61,0,0,0,0.5035751,0,0,0,0,TestUser,
0.0015942,0.5051693,62,0,0,0,0.5051693,0,0,0,0,TestUser,
0.0014895,0.5066589,63,0,0,0,0.5066589,0,0,0,0,TestUser,
0.0021289,0.5087878,64,0,0,0,0.5087878,0,0,0,0,TestUser,
0.0026451,0.5114328,65,0,0,0,0.5114328,0,0,0,0,TestUser,
0.0020505,0.5134833,66,0,0,0,0.5134833,0,0,0,0,TestUser,
0.0022768,0.5157601,67,0,0,0,0.5157601,0,0,0,0,TestUser,
0.0026862,0.5184463,68,0,0,0,0.5184463,0,0,0,0,TestUser,
0.001624,0.5200703,69,0,0,0,0.5200703,0,0,0,0,TestUser,
0.0017757,0.5218461,70,0,0,0,0.5218461,0,0,0,0,TestUser,
0.0014866,0.5233327,71,0,0,0,0.5233327,0,0,0,0,TestUser,
0.0024346,0.5257673,72,0,0,0,0.5257673,0,0,0,0,TestUser,
0.0016424,0.5274096,73,0,0,0,0.5274096,0,0,0,0,TestUser,
0.0017103,0.52912,74,0,0,0,0.52912,0,0,0,0,TestUser,
0.0015896,0.5307096,75,0,0,0,0.5307096,0,0,0,0,TestUser,
0.0022046,0.5329142,76,0,0,0,0.5329142,0,0,0,0,TestUser,
0.0018538,0.5347679,77,0,0,0,0.5347679,0,0,0,0,TestUser,
0.0014877,0.5362557,78,0,0,0,0.5362557,0,0,0,0,TestUser,
0.0015383,0.5377939,79,0,0,0,0.5377939,0,0,0,0,TestUser,
0.0015522,0.5393462,80,0,0,0,0.5393462,0,0,0,0,TestUser,
0.0025876,0.5419337,81,0,0,0,0.5419337,0,0,0,0,TestUser,
0.0029597,0.5448934,82,0,0,0,0.5448934,0,0,0,0,TestUser,
0.0030023,0.5478957,83,0,0,0,0.5478957,0,0,0,0,TestUser,
0.0028379,0.5507336,84,0,0,0,0.5507336,0,0,0,0,TestUser,
0.002042,0.5527756,85,0,0,0,0.5527756,0,0,0,0,TestUser,
0.0015308,0.5543064,86,0,0,0,0.5543064,0,0,0,0,TestUser,
0.0022651,0.5565715,87,0,0,0,0.5565715,0,0,0,0,TestUser,
0.0015427,0.5581142,88,0,0,0,0.5581142,0,0,0,0,TestUser,
0.0015136,0.5596278,89,0,0,0,0.5596278,0,0,0,0,TestUser,
0.0014838,0.5611116,90,0,0,0,0.5611116,0,0,0,0,TestUser,
0.0017716,0.5628833,91,0,0,0,0.5628833,0,0,0,0,TestUser,
0.0026359,0.5655192,92,0,0,0,0.5655192,0,0,0,0,TestUser,
0.0019745,0.5674936,93,0,0,0,0.5674936,0,0,0,0,TestUser,
0.0015577,0.5690513,94,0,0,0,0.5690513,0,0,0,0,TestUser,
0.0016178,0.5706691,95,0,0,0,0.5706691,0,0,0,0,TestUser,
0.0027484,0.5734175,96,0,0,0,0.5734175,0,0,0,0,TestUser,
0.0017591,0.5751767,97,0,0,0,0.5751767,0,0,0,0,TestUser,
0.0015242,0.5767009,98,0,0,0,0.5767009,0,0,0,0,TestUser,
0.0014707,0.5781716,99,0,0,0,0.5781716,0,0,0,0,TestUser,
0.0023137,0.5804852,100,0,0,0,0.5804852,0,0,0,0,TestUser,
0.0025204,0.5830057,101,0,0,0,0.5830057,0,0,0,0,TestUser,
0.002047,0.5850527,102,0,0,0,0.5850527,0,0,0,0,TestUser,
0.0019775,0.5870302,103,0,0,0,0.5870302,0,0,0,0,TestUser,
0.0018192,0.5888494,104,0,0,0,0.5888494,0,0,0,0,TestUser,
0.0017453,0.5905946,105,0,0,0,0.5905946,0,0,0,0,TestUser,
0.0015776,0.5921723,106,0,0,0,0.5921723,0,0,0,0,TestUser,
0.0016458,0.5938181,107,0,0,0,0.5938181,0,0,0,0,TestUser,
0.0014953,0.5953134,108,0,0,0,0.5953134,0,0,0,0,TestUser,
0.0020181,0.5973315,109,0,0,0,0.5973315,0,0,0,0,TestUser,
0.0017393,0.5990707,110,0,0,0,0.5990707,0,0,0,0,TestUser,
0.0017007,0.6007714,111,0,0,0,0.6007714,0,0,0,0,TestUser,
0.0018265,0.602598,112,0,0,0,0.602598,0,0,0,0,TestUser,
0.0015626,0.6041605,113,0,0,0,0.6041605,0,0,0,0,TestUser,
0.0014914,0.6056519,114,0,0,0,0.6056519,0,0,0,0,TestUser,
0.0015313,0.6071832,115,0,0,0,0.6071832,0,0,0,0,TestUser,
0.0014549,0.6086382,116,0,0,0,0.6086382,0,0,0,0,TestUser,
0.0014604,0.6100985,117,0,0,0,0.6100985,0,0,0,0,TestUser,
0.0016283,0.6117268,118,0,0,0,0.6117268,0,0,0,0,TestUser,
0.0018537,0.6135805,119,0,0,0,0.6135805,0,0,0,0,TestUser,
0.0016748,0.6152554,120,0,0,0,0.6152554,0,0,0,0,TestUser,
0.0018734,0.6171287,121,0,0,0,0.6171287,0,0,0,0,TestUser,
0.0017746,0.6189033,122,0,0,0,0.6189033,0,0,0,0,TestUser,
0.0015565,0.6204599,123,0,0,0,0.6204599,0,0,0,0,TestUser,
0.0018236,0.6222835,124,0,0,0,0.6222835,0,0,0,0,TestUser,
0.0015246,0.623808,125,0,0,0,0.623808,0,0,0,0,TestUser,
0.001467,0.625275,126,0,0,0,0.625275,0,0,0,0,TestUser,
0.0014841,0.6267592,127,0,0,0,0.6267592,0,0,0,0,TestUser,
0.0015359,0.6282951,128,0,0,0,0.6282951,0,0,0,0,TestUser,
0.0015062,0.6298012,129,0,0,0,0.6298012,0,0,0,0,TestUser,
0.0016811,0.6314824,130,0,0,0,0.6314824,0,0,0,0,TestUser,
0.0026755,0.6341578,131,0,0,0,0.6341578,0,0,0,0,TestUser,
0.0019194,0.6360772,132,0,0,0,0.6360772,0,0,0,0,TestUser,
0.0017601,0.6378374,133,0,0,0,0.6378374,0,0,0,0,TestUser,
0.0017114,0.6395487,134,0,0,0,0.6395487,0,0,0,0,TestUser,
0.0016804,0.6412292,135,0,0,0,0.6412292,0,0,0,0,TestUser,
0.0019443,0.6431735,136,0,0,0,0.6431735,0,0,0,0,TestUser,
0.0016828,0.6448562,137,0,0,0,0.6448562,0,0,0,0,TestUser,
0.0014439,0.6463001,138,0,0,0,0.6463001,0,0,0,0,TestUser,
0.0015735,0.6478736,139,0,0,0,0.6478736,0,0,0,0,TestUser,
0.0020597,0.6499333,140,0,0,0,0.6499333,0,0,0,0,TestUser,
0.0017985,0.6517318,141,0,0,0,0.6517318,0,0,0,0,TestUser,
0.0018046,0.6535364,142,0,0,0,0.6535364,0,0,0,0,TestUser,
0.0015925,0.655129,143,0,0,0,0.655129,0,0,0,0,TestUser,
0.0015285,0.6566575,144,0,0,0,0.6566575,0,0,0,0,TestUser,
0.0014694,0.6581268,145,0,0,0,0.6581268,0,0,0,0,TestUser,
0.0015288,0.6596556,146,0,0,0,0.6596556,0,0,0,0,TestUser,
0.0015744,0.66123,147,0,0,0,0.66123,0,0,0,0,TestUser,
0.0022212,0.6634513,148,0,0,0,0.6634513,0,0,0,0,TestUser,
0.0024506,0.6659018,149,0,0,0,0.6659018,0,0,0,0,TestUser,
0.0030253,0.6689271,150,0,0,0,0.6689271,0,0,0,0,TestUser,
0.0019825,0.6709096,151,0,0,0,0.6709096,0,0,0,0,TestUser,
0.0016008,0.6725104,152,0,0,0,0.6725104,0,0,0,0,TestUser,
0.0014991,0.6740096,153,0,0,0,0.6740096,0,0,0,0,TestUser,
0.0014195,0.675429,154,0,0,0,0.675429,0,0,0,0,TestUser,
0.0014957,0.6769248,155,0,0,0,0.6769248,0,0,0,0,TestUser,
0.0017409,0.6786656,156,0,0,0,0.6786656,0,0,0,0,TestUser,
0.0016771,0.6803427,157,0,0,0,0.6803427,0,0,0,0,TestUser,
0.0021484,0.6824911,158,0,0,0,0.6824911,0,0,0,0,TestUser,
0.0017475,0.6842387,159,0,0,0,0.6842387,0,0,0,0,TestUser,
0.0014706,0.6857092,160,0,0,0,0.6857092,0,0,0,0,TestUser,
0.0015877,0.6872969,161,0,0,0,0.6872969,0,0,0,0,TestUser,
0.0013785,0.6886755,162,0,0,0,0.6886755,0,0,0,0,TestUser,
0.0015546,0.6902301,163,0,0,0,0.6902301,0,0,0,0,TestUser,
0.0016836,0.6919137,164,0,0,0,0.6919137,0,0,0,0,TestUser,
0.0016208,0.6935344,165,0,0,0,0.6935344,0,0,0,0,TestUser,
0.0019151,0.6954495,166,0,0,0,0.6954495,0,0,0,0,TestUser,
0.0018062,0.6972557,167,0,0,0,0.6972557,0,0,0,0,TestUser,
0.0021206,0.6993763,168,0,0,0,0.6993763,0,0,0,0,TestUser,
0.0026096,0.701986,169,0,0,0,0.701986,0,0,0,0,TestUser,
0.0019023,0.7038882,170,0,0,0,0.7038882,0,0,0,0,TestUser,
0.0015712,0.7054594,171,0,0,0,0.7054594,0,0,0,0,TestUser,
0.001634,0.7070934,172,0,0,0,0.7070934,0,0,0,0,TestUser,
0.0019326,0.709026,173,0,0,0,0.709026,0,0,0,0,TestUser,
0.0019059,0.710932,174,0,0,0,0.710932,0,0,0,0,TestUser,
0.0017219,0.7126538,175,0,0,0,0.7126538,0,0,0,0,TestUser,
0.001706,0.7143598,176,0,0,0,0.7143598,0,0,0,0,TestUser,
0.0026911,0.717051,177,0,0,0,0.717051,0,0,0,0,TestUser,
0.0021127,0.7191637,178,0,0,0,0.7191637,0,0,0,0,TestUser,
0.00173,0.7208936,179,0,0,0,0.7208936,0,0,0,0,TestUser,
0.002062,0.7229556,180,0,0,0,0.7229556,0,0,0,0,TestUser,
0.001951,0.7249066,181,0,0,0,0.7249066,0,0,0,0,TestUser,
0.0019628,0.7268695,182,0,0,0,0.7268695,0,0,0,0,TestUser,
0.0018168,0.7286862,183,0,0,0,0.7286862,0,0,0,0,TestUser,
0.0019222,0.7306085,184,0,0,0,0.7306085,0,0,0,0,TestUser,
0.0027195,0.7333279,185,0,0,0,0.7333279,0,0,0,0,TestUser,
0.0021313,0.7354593,186,0,0,0,0.7354593,0,0,0,0,TestUser,
0.0016909,0.7371501,187,0,0,0,0.7371501,0,0,0,0,TestUser,
0.0014782,0.7386283,188,0,0,0,0.7386283,0,0,0,0,TestUser,
0.001641,0.7402694,189,0,0,0,0.7402694,0,0,0,0,TestUser,
0.0022177,0.742487,190,0,0,0,0.742487,0,0,0,0,TestUser,
0.001829,0.744316,191,0,0,0,0.744316,0,0,0,0,TestUser,
0.0017152,0.7460312,192,0,0,0,0.7460312,0,0,0,0,TestUser,
0.0022463,0.7482775,193,0,0,0,0.7482775,0,0,0,0,TestUser,
0.0024062,0.7506837,194,0,0,0,0.7506837,0,0,0,0,TestUser,
0.0023878,0.7530715,195,0,0,0,0.7530715,0,0,0,0,TestUser,
0.0022942,0.7553657,196,0,0,0,0.7553657,0,0,0,0,TestUser,
0.002449,0.7578148,197,0,0,0,0.7578148,0,0,0,0,TestUser,
0.0020706,0.7598854,198,0,0,0,0.7598854,0,0,0,0,TestUser,
0.0019452,0.7618306,199,0,0,0,0.7618306,0,0,0,0,TestUser,
0.0025262,0.7643567,200,0,0,0,0.7643567,0,0,0,0,TestUser,
0.0021291,0.7664859,201,0,0,0,0.7664859,0,0,0,0,TestUser,
0.0017118,0.7681977,202,0,0,0,0.7681977,0,0,0,0,TestUser,
0.001941,0.7701386,203,0,0,0,0.7701386,0,0,0,0,TestUser,
0.0022806,0.7724192,204,0,0,0,0.7724192,0,0,0,0,TestUser,
0.0017347,0.7741539,205,0,0,0,0.7741539,0,0,0,0,TestUser,
0.0016762,0.7758301,206,0,0,0,0.7758301,0,0,0,0,TestUser,
0.0014557,0.7772858,207,0,0,0,0.7772858,0,0,0,0,TestUser,
0.0014292,0.778715,208,0,0,0,0.778715,0,0,0,0,TestUser,
0.0017807,0.7804958,209,0,0,0,0.7804958,0,0,0,0,TestUser,
0.0020235,0.7825192,210,0,0,0,0.7825192,0,0,0,0,TestUser,
0.0019319,0.7844511,211,0,0,0,0.7844511,0,0,0,0,TestUser,
0.0015436,0.7859948,212,0,0,0,0.7859948,0,0,0,0,TestUser,
0.0015106,0.7875053,213,0,0,0,0.7875053,0,0,0,0,TestUser,
0.0017315,0.7892368,214,0,0,0,0.7892368,0,0,0,0,TestUser,
0.0014715,0.7907084,215,0,0,0,0.7907084,0,0,0,0,TestUser,
0.0015436,0.7922519,216,0,0,0,0.7922519,0,0,0,0,TestUser,
0.0015712,0.7938231,217,0,0,0,0.7938231,0,0,0,0,TestUser,
0.0015425,0.7953656,218,0,0,0,0.7953656,0,0,0,0,TestUser,
0.0019458,0.7973114,219,0,0,0,0.7973114,0,0,0,0,TestUser,
0.0020376,0.7993491,220,0,0,0,0.7993491,0,0,0,0,TestUser,
0.0020831,0.8014321,221,0,0,0,0.8014321,0,0,0,0,TestUser,
0.0023266,0.8037587,222,0,0,0,0.8037587,0,0,0,0,TestUser,
0.0019329,0.8056917,223,0,0,0,0.8056917,0,0,0,0,TestUser,
0.0016087,0.8073003,224,0,0,0,0.8073003,0,0,0,0,TestUser,
0.0015977,0.808898,225,0,0,0,0.808898,0,0,0,0,TestUser,
0.0015934,0.8104914,226,0,0,0,0.8104914,0,0,0,0,TestUser,
0.002307,0.8127984,227,0,0,0,0.8127984,0,0,0,0,TestUser,
0.001833,0.8146315,228,0,0,0,0.8146315,0,0,0,0,TestUser,
0.0026625,0.8172939,229,0,0,0,0.8172939,0,0,0,0,TestUser,
0.001949,0.819243,230,0,0,0,0.819243,0,0,0,0,TestUser,
0.0022862,0.8215292,231,0,0,0,0.8215292,0,0,0,0,TestUser,
0.0020917,0.8236209,232,0,0,0,0.8236209,0,0,0,0,TestUser,
0.0019339,0.8255547,233,0,0,0,0.8255547,0,0,0,0,TestUser,
0.0017293,0.827284,234,0,0,0,0.827284,0,0,0,0,TestUser,
0.0025734,0.8298575,235,0,0,0,0.8298575,0,0,0,0,TestUser,
0.0020783,0.8319358,236,0,0,0,0.8319358,0,0,0,0,TestUser,
0.0026668,0.8346025,237,0,0,0,0.8346025,0,0,0,0,TestUser,
0.0027691,0.8373716,238,0,0,0,0.8373716,0,0,0,0,TestUser,
0.0019235,0.8392951,239,0,0,0,0.8392951,0,0,0,0,TestUser,
0.0017926,0.8410878,240,0,0,0,0.8410878,0,0,0,0,TestUser,
0.0019804,0.8430681,241,0,0,0,0.8430681,0,0,0,0,TestUser,
0.0022824,0.8453506,242,0,0,0,0.8453506,0,0,0,0,TestUser,
0.0017628,0.8471134,243,0,0,0,0.8471134,0,0,0,0,TestUser,
0.0021023,0.8492156,244,0,0,0,0.8492156,0,0,0,0,TestUser,
0.001973,0.8511887,245,0,0,0,0.8511887,0,0,0,0,TestUser,
0.0023802,0.8535689,246,0,0,0,0.8535689,0,0,0,0,TestUser,
0.0017843,0.8553531,247,0,0,0,0.8553531,0,0,0,0,TestUser,
0.0015992,0.8569524,248,0,0,0,0.8569524,0,0,0,0,TestUser,
0.0015041,0.8584564,249,0,0,0,0.8584564,0,0,0,0,TestUser,
0.0020818,0.8605382,250,0,0,0,0.8605382,0,0,0,0,TestUser,
0.0020637,0.8626019,251,0,0,0,0.8626019,0,0,0,0,TestUser,
0.001608,0.8642099,252,0,0,0,0.8642099,0,0,0,0,TestUser,
0.0017123,0.8659223,253,0,0,0,0.8659223,0,0,0,0,TestUser,
0.0017161,0.8676383,254,0,0,0,0.8676383,0,0,0,0,TestUser,
0.0019153,0.8695536,255,0,0,0,0.8695536,0,0,0,0,TestUser,
0.0014911,0.8710448,256,0,0,0,0.8710448,0,0,0,0,TestUser,
0.0015589,0.8726037,257,0,0,0,0.8726037,0,0,0,0,TestUser,
0.0014723,0.8740759,258,0,0,0,0.8740759,0,0,0,0,TestUser,
0.002374,0.8764499,259,0,0,0,0.8764499,0,0,0,0,TestUser,
0.0019033,0.8783532,260,0,0,0,0.8783532,0,0,0,0,TestUser,
0.0020949,0.8804482,261,0,0,0,0.8804482,0,0,0,0,TestUser,
0.002353,0.8828011,262,0,0,0,0.8828011,0,0,0,0,TestUser,
0.0023438,0.8851449,263,0,0,0,0.8851449,0,0,0,0,TestUser,
0.0016672,0.8868122,264,0,0,0,0.8868122,0,0,0,0,TestUser,
0.0015861,0.8883982,265,0,0,0,0.8883982,0,0,0,0,TestUser,
0.0015087,0.8899069,266,0,0,0,0.8899069,0,0,0,0,TestUser,
0.0016374,0.8915443,267,0,0,0,0.8915443,0,0,0,0,TestUser,
0.001919,0.8934633,268,0,0,0,0.8934633,0,0,0,0,TestUser,
0.0014637,0.894927,269,0,0,0,0.894927,0,0,0,0,TestUser,
0.0014968,0.8964238,270,0,0,0,0.8964238,0,0,0,0,TestUser,
0.0016727,0.8980966,271,0,0,0,0.8980966,0,0,0,0,TestUser,
0.0021822,0.9002787,272,0,0,0,0.9002787,0,0,0,0,TestUser,
0.0018485,0.9021273,273,0,0,0,0.9021273,0,0,0,0,TestUser,
0.0016984,0.9038256,274,0,0,0,0.9038256,0,0,0,0,TestUser,
0.0015655,0.9053912,275,0,0,0,0.9053912,0,0,0,0,TestUser,
0.0016043,0.9069954,276,0,0,0,0.9069954,0,0,0,0,TestUser,
0.0019046,0.9089,277,0,0,0,0.9089,0,0,0,0,TestUser,
0.0016701,0.9105701,278,0,0,0,0.9105701,0,0,0,0,TestUser,
0.0015994,0.9121695,279,0,0,0,0.9121695,0,0,0,0,TestUser,
0.001747,0.9139165,280,0,0,0,0.9139165,0,0,0,0,TestUser,
0.0026064,0.9165229,281,0,0,0,0.9165229,0,0,0,0,TestUser,
0.0019626,0.9184855,282,0,0,0,0.9184855,0,0,0,0,TestUser,
0.0015946,0.9200801,283,0,0,0,0.9200801,0,0,0,0,TestUser,
0.002069,0.9221491,284,0,0,0,0.9221491,0,0,0,0,TestUser,
0.0018373,0.9239864,285,0,0,0,0.9239864,0,0,0,0,TestUser,
0.0015756,0.925562,286,0,0,0,0.925562,0,0,0,0,TestUser,
0.0015037,0.9270657,287,0,0,0,0.9270657,0,0,0,0,TestUser,
0.0016227,0.9286885,288,0,0,0,0.9286885,0,0,0,0,TestUser,
0.0015947,0.9302831,289,0,0,0,0.9302831,0,0,0,0,TestUser,
0.0019569,0.9322401,290,0,0,0,0.9322401,0,0,0,0,TestUser,
0.0023112,0.9345512,291,0,0,0,0.9345512,0,0,0,0,TestUser,
0.0024596,0.9370108,292,0,0,0,0.9370108,0,0,0,0,TestUser,
0.0018554,0.9388663,293,0,0,0,0.9388663,0,0,0,0,TestUser,
0.002035,0.9409012,294,0,0,0,0.9409012,0,0,0,0,TestUser,
0.0017941,0.9426953,295,0,0,0,0.9426953,0,0,0,0,TestUser,
0.0016868,0.9443821,296,0,0,0,0.9443821,0,0,0,0,TestUser,
0.0016015,0.9459836,297,0,0,0,0.9459836,0,0,0,0,TestUser,
0.0016273,0.9476109,298,0,0,0,0.9476109,0,0,0,0,TestUser,
0.0023147,0.9499257,299,0,0,0,0.9499257,0,0,0,0,TestUser,
0.0018082,0.9517338,300,0,0,0,0.9517338,0,0,0,0,TestUser,
0.0020684,0.9538022,301,0,0,0,0.9538022,0,0,0,0,TestUser,
0.0016485,0.9554507,302,0,0,0,0.9554507,0,0,0,0,TestUser,
0.0020299,0.9574807,303,0,0,0,0.9574807,0,0,0,0,TestUser,
0.0015406,0.9590213,304,0,0,0,0.9590213,0,0,0,0,TestUser,
0.0015456,0.9605668,305,0,0,0,0.9605668,0,0,0,0,TestUser,
0.0018893,0.9624562,306,0,0,0,0.9624562,0,0,0,0,TestUser,
0.003203,0.9656591,307,0,0,0,0.9656591,0,0,0,0,TestUser,
0.0021986,0.9678577,308,0,0,0,0.9678577,0,0,0,0,TestUser,
0.0017476,0.9696053,309,0,0,0,0.9696053,0,0,0,0,TestUser,
0.001602,0.9712073,310,0,0,0,0.9712073,0,0,0,0,TestUser,
0.002322,0.9735293,311,0,0,0,0.9735293,0,0,0,0,TestUser,
0.0016167,0.9751461,312,0,0,0,0.9751461,0,0,0,0,TestUser,
0.0014917,0.9766377,313,0,0,0,0.9766377,0,0,0,0,TestUser,
0.0014289,0.9780666,314,0,0,0,0.9780666,0,0,0,0,TestUser,
0.0017536,0.9798203,315,0,0,0,0.9798203,0,0,0,0,TestUser,
0.002141,0.9819613,316,0,0,0,0.9819613,0,0,0,0,TestUser,
0.0023362,0.9842975,317,0,0,0,0.9842975,0,0,0,0,TestUser,
0.0016163,0.9859138,318,0,0,0,0.9859138,0,0,0,0,TestUser,
0.0015325,0.9874462,319,0,0,0,0.9874462,0,0,0,0,TestUser,
0.0016611,0.9891074,320,0,0,0,0.9891074,0,0,0,0,TestUser,
0.0017299,0.9908372,321,0,0,0,0.9908372,0,0,0,0,TestUser,
0.0016325,0.9924697,322,0,0,0,0.9924697,0,0,0,0,TestUser,
0.0016453,0.9941151,323,0,0,0,0.9941151,0,0,0,0,TestUser,
0.0017252,0.9958403,324,0,0,0,0.9958403,0,0,0,0,TestUser,
0.0022614,0.9981017,325,0,0,0,0.9981017,0,0,0,0,TestUser,
0.0025109,1.000612,326,0,0,0,1.000612,0,0,0,0,TestUser,
0.002383,1.002995,327,0,0,0,1.002995,0,0,0,0,TestUser,
0.0016769,1.004672,328,0,0,0,1.004672,0,0,0,0,TestUser,
0.0016504,1.006323,329,0,0,0,1.006323,0,0,0,0,TestUser,
0.0015459,1.007869,330,0,0,0,1.007869,0,0,0,0,TestUser,
0.0016522,1.009521,331,0,0,0,1.009521,0,0,0,0,TestUser,
0.0017106,1.011232,332,0,0,0,1.011232,0,0,0,0,TestUser,
0.0017355,1.012967,333,0,0,0,1.012967,0,0,0,0,TestUser,
0.0021765,1.015144,334,0,0,0,1.015144,0,0,0,0,TestUser,
0.0019093,1.017053,335,0,0,0,1.017053,0,0,0,0,TestUser,
0.00169,1.018743,336,0,0,0,1.018743,0,0,0,0,TestUser,
0.0017955,1.020538,337,0,0,0,1.020538,0,0,0,0,TestUser,
0.0018791,1.022417,338,0,0,0,1.022417,0,0,0,0,TestUser,
0.0017052,1.024123,339,0,0,0,1.024123,0,0,0,0,TestUser,
0.0016845,1.025807,340,0,0,0,1.025807,0,0,0,0,TestUser,
0.0015426,1.02735,341,0,0,0,1.02735,0,0,0,0,TestUser,
0.0023283,1.029678,342,0,0,0,1.029678,0,0,0,0,TestUser,
0.0017392,1.031417,343,0,0,0,1.031417,0,0,0,0,TestUser,
0.0019048,1.033322,344,0,0,0,1.033322,0,0,0,0,TestUser,
0.0018641,1.035186,345,0,0,0,1.035186,0,0,0,0,TestUser,
0.0019745,1.037161,346,0,0,0,1.037161,0,0,0,0,TestUser,
0.0015152,1.038676,347,0,0,0,1.038676,0,0,0,0,TestUser,
0.0014978,1.040174,348,0,0,0,1.040174,0,0,0,0,TestUser,
0.0017352,1.041909,349,0,0,0,1.041909,0,0,0,0,TestUser,
0.0022422,1.044151,350,0,0,0,1.044151,0,0,0,0,TestUser,
0.0017197,1.045871,351,0,0,0,1.045871,0,0,0,0,TestUser,
0.0016438,1.047515,352,0,0,0,1.047515,0,0,0,0,TestUser,
0.0022943,1.049809,353,0,0,0,1.049809,0,0,0,0,TestUser,
0.0023173,1.052126,354,0,0,0,1.052126,0,0,0,0,TestUser,
0.0018971,1.054023,355,0,0,0,1.054023,0,0,0,0,TestUser,
0.0015994,1.055623,356,0,0,0,1.055623,0,0,0,0,TestUser,
0.0016697,1.057292,357,0,0,0,1.057292,0,0,0,0,TestUser,
0.0017709,1.059063,358,0,0,0,1.059063,0,0,0,0,TestUser,
0.0031524,1.062216,359,0,0,0,1.062216,0,0,0,0,TestUser,
0.0024063,1.064622,360,0,0,0,1.064622,0,0,0,0,TestUser,
0.003726,1.068348,361,0,0,0,1.068348,0,0,0,0,TestUser,
0.0016984,1.070046,362,0,0,0,1.070046,0,0,0,0,TestUser,
0.0016629,1.071709,363,0,0,0,1.071709,0,0,0,0,TestUser,
0.0015819,1.073291,364,0,0,0,1.073291,0,0,0,0,TestUser,
0.0024634,1.075755,365,0,0,0,1.075755,0,0,0,0,TestUser,
0.0024149,1.078169,366,0,0,0,1.078169,0,0,0,0,TestUser,
0.0016835,1.079853,367,0,0,0,1.079853,0,0,0,0,TestUser,
0.0020198,1.081873,368,0,0,0,1.081873,0,0,0,0,TestUser,
0.0030422,1.084915,369,0,0,0,1.084915,0,0,0,0,TestUser,
0.0016718,1.086587,370,0,0,0,1.086587,0,0,0,0,TestUser,
0.0015719,1.088159,371,0,0,0,1.088159,0,0,0,0,TestUser,
0.0015393,1.089698,372,0,0,0,1.089698,0,0,0,0,TestUser,
0.001532,1.09123,373,0,0,0,1.09123,0,0,0,0,TestUser,
0.001832,1.093062,374,0,0,0,1.093062,0,0,0,0,TestUser,
0.001797,1.094859,375,0,0,0,1.094859,0,0,0,0,TestUser,
0.0018279,1.096687,376,0,0,0,1.096687,0,0,0,0,TestUser,
0.0019071,1.098594,377,0,0,0,1.098594,0,0,0,0,TestUser,
0.0021171,1.100711,378,0,0,0,1.100711,0,0,0,0,TestUser,
0.0017807,1.102492,379,0,0,0,1.102492,0,0,0,0,TestUser,
0.0016019,1.104094,380,0,0,0,1.104094,0,0,0,0,TestUser,
0.0017065,1.1058,381,0,0,0,1.1058,0,0,0,0,TestUser,
0.0015189,1.107319,382,0,0,0,1.107319,0,0,0,0,TestUser,
0.0019126,1.109232,383,0,0,0,1.109232,0,0,0,0,TestUser,
0.001877,1.111109,384,0,0,0,1.111109,0,0,0,0,TestUser,
0.0022005,1.113309,385,0,0,0,1.113309,0,0,0,0,TestUser,
0.0019771,1.115286,386,0,0,0,1.115286,0,0,0,0,TestUser,
0.002982,1.118268,387,0,0,0,1.118268,0,0,0,0,TestUser,
0.0018438,1.120112,388,0,0,0,1.120112,0,0,0,0,TestUser,
0.0017757,1.121888,389,0,0,0,1.121888,0,0,0,0,TestUser,
0.0015947,1.123482,390,0,0,0,1.123482,0,0,0,0,TestUser,
0.0021599,1.125642,391,0,0,0,1.125642,0,0,0,0,TestUser,
0.0015109,1.127153,392,0,0,0,1.127153,0,0,0,0,TestUser,
0.0014609,1.128614,393,0,0,0,1.128614,0,0,0,0,TestUser,
0.0014682,1.130082,394,0,0,0,1.130082,0,0,0,0,TestUser,
0.0027312,1.132814,395,0,0,0,1.132814,0,0,0,0,TestUser,
0.0021931,1.135007,396,0,0,0,1.135007,0,0,0,0,TestUser,
0.0024093,1.137416,397,0,0,0,1.137416,0,0,0,0,TestUser,
0.0068003,1.144216,398,0,0,0,1.144216,0,0,0,0,TestUser,
0.002082,1.146298,399,0,0,0,1.146298,0,0,0,0,TestUser,
0.0020311,1.148329,400,0,0,0,1.148329,0,0,0,0,TestUser,
0.0027947,1.151124,401,0,0,0,1.151124,0,0,0,0,TestUser,
0.0019258,1.15305,402,0,0,0,1.15305,0,0,0,0,TestUser,
0.0017311,1.154781,403,0,0,0,1.154781,0,0,0,0,TestUser,
0.0022166,1.156998,404,0,0,0,1.156998,0,0,0,0,TestUser,
0.0016489,1.158646,405,0,0,0,1.158646,0,0,0,0,TestUser,
0.0015743,1.160221,406,0,0,0,1.160221,0,0,0,0,TestUser,
0.0018007,1.162021,407,0,0,0,1.162021,0,0,0,0,TestUser,
0.001568,1.163589,408,0,0,0,1.163589,0,0,0,0,TestUser,
0.0030926,1.166682,409,0,0,0,1.166682,0,0,0,0,TestUser,
0.0019099,1.168592,410,0,0,0,1.168592,0,0,0,0,TestUser,
0.0015128,1.170105,411,0,0,0,1.170105,0,0,0,0,TestUser,
0.0015591,1.171664,412,0,0,0,1.171664,0,0,0,0,TestUser,
0.0020744,1.173738,413,0,0,0,1.173738,0,0,0,0,TestUser,
0.0015618,1.1753,414,0,0,0,1.1753,0,0,0,0,TestUser,
0.001479,1.176779,415,0,0,0,1.176779,0,0,0,0,TestUser,
0.0015507,1.17833,416,0,0,0,1.17833,0,0,0,0,TestUser,
0.0020941,1.180424,417,0,0,0,1.180424,0,0,0,0,TestUser,
0.0027273,1.183151,418,0,0,0,1.183151,0,0,0,0,TestUser,
0.0018983,1.185049,419,0,0,0,1.185049,0,0,0,0,TestUser,
0.0018074,1.186857,420,0,0,0,1.186857,0,0,0,0,TestUser,
0.0018755,1.188732,421,0,0,0,1.188732,0,0,0,0,TestUser,
0.0015951,1.190327,422,0,0,0,1.190327,0,0,0,0,TestUser,
0.0016117,1.191939,423,0,0,0,1.191939,0,0,0,0,TestUser,
0.0015083,1.193447,424,0,0,0,1.193447,0,0,0,0,TestUser,
0.001776,1.195223,425,0,0,0,1.195223,0,0,0,0,TestUser,
0.0019074,1.197131,426,0,0,0,1.197131,0,0,0,0,TestUser,
0.0019787,1.19911,427,0,0,0,1.19911,0,0,0,0,TestUser,
0.0020123,1.201122,428,0,0,0,1.201122,0,0,0,0,TestUser,
0.0021138,1.203236,429,0,0,0,1.203236,0,0,0,0,TestUser,
0.0021417,1.205377,430,0,0,0,1.205377,0,0,0,0,TestUser,
0.0015851,1.206962,431,0,0,0,1.206962,0,0,0,0,TestUser,
0.0015434,1.208506,432,0,0,0,1.208506,0,0,0,0,TestUser,
0.0014621,1.209968,433,0,0,0,1.209968,0,0,0,0,TestUser,
0.002834,1.212802,434,0,0,0,1.212802,0,0,0,0,TestUser,
0.0022312,1.215033,435,0,0,0,1.215033,0,0,0,0,TestUser,
0.0024439,1.217477,436,0,0,0,1.217477,0,0,0,0,TestUser,
0.001881,1.219358,437,0,0,0,1.219358,0,0,0,0,TestUser,
0.0028113,1.222169,438,0,0,0,1.222169,0,0,0,0,TestUser,
0.0022678,1.224437,439,0,0,0,1.224437,0,0,0,0,TestUser,
0.0022849,1.226722,440,0,0,0,1.226722,0,0,0,0,TestUser,
0.002186,1.228908,441,0,0,0,1.228908,0,0,0,0,TestUser,
0.0018654,1.230773,442,0,0,0,1.230773,0,0,0,0,TestUser,
0.0021205,1.232894,443,0,0,0,1.232894,0,0,0,0,TestUser,
0.0017802,1.234674,444,0,0,0,1.234674,0,0,0,0,TestUser,
0.0017353,1.236409,445,0,0,0,1.236409,0,0,0,0,TestUser,
0.0015396,1.237949,446,0,0,0,1.237949,0,0,0,0,TestUser,
0.0015928,1.239542,447,0,0,0,1.239542,0,0,0,0,TestUser,
0.0019554,1.241497,448,0,0,0,1.241497,0,0,0,0,TestUser,
0.0019785,1.243476,449,0,0,0,1.243476,0,0,0,0,TestUser,
0.0020401,1.245516,450,0,0,0,1.245516,0,0,0,0,TestUser,
0.0015779,1.247094,451,0,0,0,1.247094,0,0,0,0,TestUser,
0.0022434,1.249337,452,0,0,0,1.249337,0,0,0,0,TestUser,
0.0021784,1.251516,453,0,0,0,1.251516,0,0,0,0,TestUser,
0.0023714,1.253887,454,0,0,0,1.253887,0,0,0,0,TestUser,
0.0018501,1.255737,455,0,0,0,1.255737,0,0,0,0,TestUser,
0.001915,1.257652,456,0,0,0,1.257652,0,0,0,0,TestUser,
0.0018162,1.259468,457,0,0,0,1.259468,0,0,0,0,TestUser,
0.002593,1.262061,458,0,0,0,1.262061,0,0,0,0,TestUser,
0.0019991,1.26406,459,0,0,0,1.26406,0,0,0,0,TestUser,
0.0019136,1.265974,460,0,0,0,1.265974,0,0,0,0,TestUser,
0.0023781,1.268352,461,0,0,0,1.268352,0,0,0,0,TestUser,
0.0015894,1.269941,462,0,0,0,1.269941,0,0,0,0,TestUser,
0.0015939,1.271535,463,0,0,0,1.271535,0,0,0,0,TestUser,
0.0016197,1.273155,464,0,0,0,1.273155,0,0,0,0,TestUser,
0.0015344,1.274689,465,0,0,0,1.274689,0,0,0,0,TestUser,
0.002169,1.276858,466,0,0,0,1.276858,0,0,0,0,TestUser,
0.0016645,1.278523,467,0,0,0,1.278523,0,0,0,0,TestUser,
0.0016065,1.280129,468,0,0,0,1.280129,0,0,0,0,TestUser,
0.0021324,1.282262,469,0,0,0,1.282262,0,0,0,0,TestUser,
0.0022806,1.284542,470,0,0,0,1.284542,0,0,0,0,TestUser,
0.0017043,1.286247,471,0,0,0,1.286247,0,0,0,0,TestUser,
0.0020569,1.288304,472,0,0,0,1.288304,0,0,0,0,TestUser,
0.0016564,1.28996,473,0,0,0,1.28996,0,0,0,0,TestUser,
0.0017587,1.291719,474,0,0,0,1.291719,0,0,0,0,TestUser,
0.0022139,1.293933,475,0,0,0,1.293933,0,0,0,0,TestUser,
0.00187,1.295803,476,0,0,0,1.295803,0,0,0,0,TestUser,
0.001817,1.29762,477,0,0,0,1.29762,0,0,0,0,TestUser,
0.0022771,1.299897,478,0,0,0,1.299897,0,0,0,0,TestUser,
0.0024298,1.302327,479,0,0,0,1.302327,0,0,0,0,TestUser,
0.0019248,1.304251,480,0,0,0,1.304251,0,0,0,0,TestUser,
0.0015617,1.305813,481,0,0,0,1.305813,0,0,0,0,TestUser,
0.0016698,1.307483,482,0,0,0,1.307483,0,0,0,0,TestUser,
0.0020072,1.30949,483,0,0,0,1.30949,0,0,0,0,TestUser,
0.001522,1.311012,484,0,0,0,1.311012,0,0,0,0,TestUser,
0.0015435,1.312556,485,0,0,0,1.312556,0,0,0,0,TestUser,
0.0017897,1.314345,486,0,0,0,1.314345,0,0,0,0,TestUser,
0.0021984,1.316544,487,0,0,0,1.316544,0,0,0,0,TestUser,
0.0018224,1.318366,488,0,0,0,1.318366,0,0,0,0,TestUser,
0.0015808,1.319947,489,0,0,0,1.319947,0,0,0,0,TestUser,
0.0014965,1.321443,490,0,0,0,1.321443,0,0,0,0,TestUser,
0.0018409,1.323284,491,0,0,0,1.323284,0,0,0,0,TestUser,
0.0019854,1.32527,492,0,0,0,1.32527,0,0,0,0,TestUser,
0.0014922,1.326762,493,0,0,0,1.326762,0,0,0,0,TestUser,
0.001494,1.328256,494,0,0,0,1.328256,0,0,0,0,TestUser,
0.0015118,1.329768,495,0,0,0,1.329768,0,0,0,0,TestUser,
0.0019819,1.33175,496,0,0,0,1.33175,0,0,0,0,TestUser,
0.0026043,1.334354,497,0,0,0,1.334354,0,0,0,0,TestUser,
0.0017832,1.336137,498,0,0,0,1.336137,0,0,0,0,TestUser,
0.0019523,1.338089,499,0,0,0,1.338089,0,0,0,0,TestUser,
0.0015638,1.339653,500,0,0,0,1.339653,0,0,0,0,TestUser,
0.0018061,1.341459,501,0,0,0,1.341459,0,0,0,0,TestUser,
0.0017963,1.343256,502,0,0,0,1.343256,0,0,0,0,TestUser,
0.0016251,1.344881,503,0,0,0,1.344881,0,0,0,0,TestUser,
0.0016518,1.346532,504,0,0,0,1.346532,0,0,0,0,TestUser,
0.0023023,1.348835,505,0,0,0,1.348835,0,0,0,0,TestUser,
0.0026023,1.351437,506,0,0,0,1.351437,0,0,0,0,TestUser,
0.0021257,1.353563,507,0,0,0,1.353563,0,0,0,0,TestUser,
0.0019788,1.355542,508,0,0,0,1.355542,0,0,0,0,TestUser,
0.0022057,1.357747,509,0,0,0,1.357747,0,0,0,0,TestUser,
0.0016049,1.359352,510,0,0,0,1.359352,0,0,0,0,TestUser,
0.0015248,1.360877,511,0,0,0,1.360877,0,0,0,0,TestUser,
0.0017761,1.362653,512,0,0,0,1.362653,0,0,0,0,TestUser,
0.0022765,1.36493,513,0,0,0,1.36493,0,0,0,0,TestUser,
0.0019932,1.366923,514,0,0,0,1.366923,0,0,0,0,TestUser,
0.0021277,1.36905,515,0,0,0,1.36905,0,0,0,0,TestUser,
0.0015325,1.370583,516,0,0,0,1.370583,0,0,0,0,TestUser,
0.0019896,1.372573,517,0,0,0,1.372573,0,0,0,0,TestUser,
0.0015881,1.374161,518,0,0,0,1.374161,0,0,0,0,TestUser,
0.0015274,1.375688,519,0,0,0,1.375688,0,0,0,0,TestUser,
0.0016037,1.377292,520,0,0,0,1.377292,0,0,0,0,TestUser,
0.0016993,1.378991,521,0,0,0,1.378991,0,0,0,0,TestUser,
0.001683,1.380674,522,0,0,0,1.380674,0,0,0,0,TestUser,
0.0024798,1.383154,523,0,0,0,1.383154,0,0,0,0,TestUser,
0.0018703,1.385024,524,0,0,0,1.385024,0,0,0,0,TestUser,
0.0015484,1.386573,525,0,0,0,1.386573,0,0,0,0,TestUser,
0.0014962,1.388069,526,0,0,0,1.388069,0,0,0,0,TestUser,
0.0014204,1.389489,527,0,0,0,1.389489,0,0,0,0,TestUser,
0.001426,1.390915,528,0,0,0,1.390915,0,0,0,0,TestUser,
0.0014654,1.392381,529,0,0,0,1.392381,0,0,0,0,TestUser,
0.0020842,1.394465,530,0,0,0,1.394465,0,0,0,0,TestUser,
0.0016432,1.396108,531,0,0,0,1.396108,0,0,0,0,TestUser,
0.0017872,1.397895,532,0,0,0,1.397895,0,0,0,0,TestUser,
0.0018981,1.399793,533,0,0,0,1.399793,0,0,0,0,TestUser,
0.0016887,1.401482,534,0,0,0,1.401482,0,0,0,0,TestUser,
0.0017502,1.403232,535,0,0,0,1.403232,0,0,0,0,TestUser,
0.0015461,1.404778,536,0,0,0,1.404778,0,0,0,0,TestUser,
0.0014822,1.40626,537,0,0,0,1.40626,0,0,0,0,TestUser,
0.0017606,1.408021,538,0,0,0,1.408021,0,0,0,0,TestUser,
0.00256,1.410581,539,0,0,0,1.410581,0,0,0,0,TestUser,
0.002409,1.41299,540,0,0,0,1.41299,0,0,0,0,TestUser,
0.0021677,1.415158,541,0,0,0,1.415158,0,0,0,0,TestUser,
0.0027905,1.417948,542,0,0,0,1.417948,0,0,0,0,TestUser,
0.0019129,1.419861,543,0,0,0,1.419861,0,0,0,0,TestUser,
0.0014899,1.421351,544,0,0,0,1.421351,0,0,0,0,TestUser,
0.0017212,1.423072,545,0,0,0,1.423072,0,0,0,0,TestUser,
0.0019793,1.425052,546,0,0,0,1.425052,0,0,0,0,TestUser,
0.0015295,1.426581,547,0,0,0,1.426581,0,0,0,0,TestUser,
0.0015777,1.428159,548,0,0,0,1.428159,0,0,0,0,TestUser,
0.0015972,1.429756,549,0,0,0,1.429756,0,0,0,0,TestUser,
0.0023286,1.432085,550,0,0,0,1.432085,0,0,0,0,TestUser,
0.0019861,1.434071,551,0,0,0,1.434071,0,0,0,0,TestUser,
0.0016838,1.435754,552,0,0,0,1.435754,0,0,0,0,TestUser,
0.0014707,1.437225,553,0,0,0,1.437225,0,0,0,0,TestUser,
0.0015798,1.438805,554,0,0,0,1.438805,0,0,0,0,TestUser,
0.0015767,1.440382,555,0,0,0,1.440382,0,0,0,0,TestUser,
0.001818,1.4422,556,0,0,0,1.4422,0,0,0,0,TestUser,
0.0016229,1.443823,557,0,0,0,1.443823,0,0,0,0,TestUser,
0.0015908,1.445413,558,0,0,0,1.445413,0,0,0,0,TestUser,
0.0015895,1.447003,559,0,0,0,1.447003,0,0,0,0,TestUser,
0.0019454,1.448948,560,0,0,0,1.448948,0,0,0,0,TestUser,
0.0016381,1.450586,561,0,0,0,1.450586,0,0,0,0,TestUser,
0.0016192,1.452206,562,0,0,0,1.452206,0,0,0,0,TestUser,
0.0016418,1.453847,563,0,0,0,1.453847,0,0,0,0,TestUser,
0.0018613,1.455709,564,0,0,0,1.455709,0,0,0,0,TestUser,
0.0017703,1.457479,565,0,0,0,1.457479,0,0,0,0,TestUser,
0.0017046,1.459184,566,0,0,0,1.459184,0,0,0,0,TestUser,
0.00183,1.461014,567,0,0,0,1.461014,0,0,0,0,TestUser,
0.0018977,1.462911,568,0,0,0,1.462911,0,0,0,0,TestUser,
0.0021999,1.465111,569,0,0,0,1.465111,0,0,0,0,TestUser,
0.0020493,1.46716,570,0,0,0,1.46716,0,0,0,0,TestUser,
0.0016047,1.468765,571,0,0,0,1.468765,0,0,0,0,TestUser,
0.0015625,1.470328,572,0,0,0,1.470328,0,0,0,0,TestUser,
0.0015125,1.47184,573,0,0,0,1.47184,0,0,0,0,TestUser,
0.0018274,1.473668,574,0,0,0,1.473668,0,0,0,0,TestUser,
0.0018118,1.475479,575,0,0,0,1.475479,0,0,0,0,TestUser,
0.0020002,1.47748,576,0,0,0,1.47748,0,0,0,0,TestUser,
0.0015455,1.479025,577,0,0,0,1.479025,0,0,0,0,TestUser,
0.0018241,1.480849,578,0,0,0,1.480849,0,0,0,0,TestUser,
0.0020574,1.482907,579,0,0,0,1.482907,0,0,0,0,TestUser,
0.0016888,1.484595,580,0,0,0,1.484595,0,0,0,0,TestUser,
0.0018633,1.486459,581,0,0,0,1.486459,0,0,0,0,TestUser,
0.0015982,1.488057,582,0,0,0,1.488057,0,0,0,0,TestUser,
0.0015658,1.489623,583,0,0,0,1.489623,0,0,0,0,TestUser,
0.0015096,1.491132,584,0,0,0,1.491132,0,0,0,0,TestUser,
0.0015852,1.492717,585,0,0,0,1.492717,0,0,0,0,TestUser,
0.0015565,1.494274,586,0,0,0,1.494274,0,0,0,0,TestUser,
0.0016984,1.495972,587,0,0,0,1.495972,0,0,0,0,TestUser,
0.0021382,1.498111,588,0,0,0,1.498111,0,0,0,0,TestUser,
0.0024052,1.500516,589,0,0,0,1.500516,0,0,0,0,TestUser,
0.0022475,1.502763,590,0,0,0,1.502763,0,0,0,0,TestUser,
0.0016816,1.504445,591,0,0,0,1.504445,0,0,0,0,TestUser,
0.0016102,1.506055,592,0,0,0,1.506055,0,0,0,0,TestUser,
0.0017537,1.507809,593,0,0,0,1.507809,0,0,0,0,TestUser,
0.0016666,1.509475,594,0,0,0,1.509475,0,0,0,0,TestUser,
0.0014347,1.51091,595,0,0,0,1.51091,0,0,0,0,TestUser,
0.001517,1.512427,596,0,0,0,1.512427,0,0,0,0,TestUser,
0.0018283,1.514255,597,0,0,0,1.514255,0,0,0,0,TestUser,
0.0024437,1.516699,598,0,0,0,1.516699,0,0,0,0,TestUser,
0.001731,1.51843,599,0,0,0,1.51843,0,0,0,0,TestUser,
0.0017484,1.520178,600,0,0,0,1.520178,0,0,0,0,TestUser,
0.0017444,1.521923,601,0,0,0,1.521923,0,0,0,0,TestUser,
0.0017245,1.523647,602,0,0,0,1.523647,0,0,0,0,TestUser,
0.0019648,1.525612,603,0,0,0,1.525612,0,0,0,0,TestUser,
0.0016089,1.527221,604,0,0,0,1.527221,0,0,0,0,TestUser,
0.0016201,1.528841,605,0,0,0,1.528841,0,0,0,0,TestUser,
0.0015932,1.530434,606,0,0,0,1.530434,0,0,0,0,TestUser,
0.0033524,1.533787,607,0,0,0,1.533787,0,0,0,0,TestUser,
0.0026296,1.536416,608,0,0,0,1.536416,0,0,0,0,TestUser,
0.00276,1.539176,609,0,0,0,1.539176,0,0,0,0,TestUser,
0.0019046,1.541081,610,0,0,0,1.541081,0,0,0,0,TestUser,
0.0018391,1.54292,611,0,0,0,1.54292,0,0,0,0,TestUser,
0.0017218,1.544642,612,0,0,0,1.544642,0,0,0,0,TestUser,
0.0015711,1.546213,613,0,0,0,1.546213,0,0,0,0,TestUser,
0.0027048,1.548918,614,0,0,0,1.548918,0,0,0,0,TestUser,
0.002438,1.551356,615,0,0,0,1.551356,0,0,0,0,TestUser,
0.0016986,1.553054,616,0,0,0,1.553054,0,0,0,0,TestUser,
0.0015402,1.554595,617,0,0,0,1.554595,0,0,0,0,TestUser,
0.0019254,1.55652,618,0,0,0,1.55652,0,0,0,0,TestUser,
0.0018077,1.558328,619,0,0,0,1.558328,0,0,0,0,TestUser,
0.0018774,1.560205,620,0,0,0,1.560205,0,0,0,0,TestUser,
0.0021552,1.56236,621,0,0,0,1.56236,0,0,0,0,TestUser,
0.0031787,1.565539,622,0,0,0,1.565539,0,0,0,0,TestUser,
0.0032749,1.568814,623,0,0,0,1.568814,0,0,0,0,TestUser,
0.002561,1.571375,624,0,0,0,1.571375,0,0,0,0,TestUser,
0.0026185,1.573993,625,0,0,0,1.573993,0,0,0,0,TestUser,
0.0019082,1.575902,626,0,0,0,1.575902,0,0,0,0,TestUser,
0.0016742,1.577576,627,0,0,0,1.577576,0,0,0,0,TestUser,
0.0018852,1.579461,628,0,0,0,1.579461,0,0,0,0,TestUser,
0.0024962,1.581957,629,0,0,0,1.581957,0,0,0,0,TestUser,
0.0025059,1.584463,630,0,0,0,1.584463,0,0,0,0,TestUser,
0.0018808,1.586344,631,0,0,0,1.586344,0,0,0,0,TestUser,
0.0020481,1.588392,632,0,0,0,1.588392,0,0,0,0,TestUser,
0.0018085,1.5902,633,0,0,0,1.5902,0,0,0,0,TestUser,
0.0016212,1.591822,634,0,0,0,1.591822,0,0,0,0,TestUser,
0.0016881,1.59351,635,0,0,0,1.59351,0,0,0,0,TestUser,
0.0016429,1.595153,636,0,0,0,1.595153,0,0,0,0,TestUser,
0.0019134,1.597066,637,0,0,0,1.597066,0,0,0,0,TestUser,
0.0017244,1.59879,638,0,0,0,1.59879,0,0,0,0,TestUser,
0.0015908,1.600381,639,0,0,0,1.600381,0,0,0,0,TestUser,
0.0017523,1.602134,640,0,0,0,1.602134,0,0,0,0,TestUser,
0.0020307,1.604164,641,0,0,0,1.604164,0,0,0,0,TestUser,
0.0014838,1.605648,642,0,0,0,1.605648,0,0,0,0,TestUser,
0.0015437,1.607192,643,0,0,0,1.607192,0,0,0,0,TestUser,
0.0016746,1.608866,644,0,0,0,1.608866,0,0,0,0,TestUser,
0.0016224,1.610489,645,0,0,0,1.610489,0,0,0,0,TestUser,
0.0018322,1.612321,646,0,0,0,1.612321,0,0,0,0,TestUser,
0.0017662,1.614087,647,0,0,0,1.614087,0,0,0,0,TestUser,
0.0018913,1.615978,648,0,0,0,1.615978,0,0,0,0,TestUser,
0.0018163,1.617795,649,0,0,0,1.617795,0,0,0,0,TestUser,
0.001503,1.619298,650,0,0,0,1.619298,0,0,0,0,TestUser,
0.0017849,1.621083,651,0,0,0,1.621083,0,0,0,0,TestUser,
0.0017327,1.622815,652,0,0,0,1.622815,0,0,0,0,TestUser,
0.0015418,1.624357,653,0,0,0,1.624357,0,0,0,0,TestUser,
0.00168,1.626037,654,0,0,0,1.626037,0,0,0,0,TestUser,
0.0014631,1.6275,655,0,0,0,1.6275,0,0,0,0,TestUser,
0.003441,1.630941,656,0,0,0,1.630941,0,0,0,0,TestUser,
0.0027634,1.633705,657,0,0,0,1.633705,0,0,0,0,TestUser,
0.0016716,1.635376,658,0,0,0,1.635376,0,0,0,0,TestUser,
0.0019423,1.637318,659,0,0,0,1.637318,0,0,0,0,TestUser,
0.0014991,1.638818,660,0,0,0,1.638818,0,0,0,0,TestUser,
0.0016439,1.640462,661,0,0,0,1.640462,0,0,0,0,TestUser,
0.0020023,1.642464,662,0,0,0,1.642464,0,0,0,0,TestUser,
0.0027241,1.645188,663,0,0,0,1.645188,0,0,0,0,TestUser,
0.0017284,1.646916,664,0,0,0,1.646916,0,0,0,0,TestUser,
0.001978,1.648894,665,0,0,0,1.648894,0,0,0,0,TestUser,
0.0017013,1.650596,666,0,0,0,1.650596,0,0,0,0,TestUser,
0.0018465,1.652442,667,0,0,0,1.652442,0,0,0,0,TestUser,
0.0017175,1.65416,668,0,0,0,1.65416,0,0,0,0,TestUser,
0.0015437,1.655703,669,0,0,0,1.655703,0,0,0,0,TestUser,
0.0015599,1.657263,670,0,0,0,1.657263,0,0,0,0,TestUser,
0.0016372,1.6589,671,0,0,0,1.6589,0,0,0,0,TestUser,
0.0031762,1.662077,672,0,0,0,1.662077,0,0,0,0,TestUser,
0.0021302,1.664207,673,0,0,0,1.664207,0,0,0,0,TestUser,
0.0023121,1.666519,674,0,0,0,1.666519,0,0,0,0,TestUser,
0.0022064,1.668725,675,0,0,0,1.668725,0,0,0,0,TestUser,
0.0016511,1.670376,676,0,0,0,1.670376,0,0,0,0,TestUser,
0.0014484,1.671825,677,0,0,0,1.671825,0,0,0,0,TestUser,
0.001643,1.673468,678,0,0,0,1.673468,0,0,0,0,TestUser,
0.0015389,1.675007,679,0,0,0,1.675007,0,0,0,0,TestUser,
0.0017887,1.676795,680,0,0,0,1.676795,0,0,0,0,TestUser,
0.0016888,1.678484,681,0,0,0,1.678484,0,0,0,0,TestUser,
0.0015166,1.680001,682,0,0,0,1.680001,0,0,0,0,TestUser,
0.0022722,1.682273,683,0,0,0,1.682273,0,0,0,0,TestUser,
0.0026352,1.684908,684,0,0,0,1.684908,0,0,0,0,TestUser,
0.0030387,1.687947,685,0,0,0,1.687947,0,0,0,0,TestUser,
0.0022839,1.690231,686,0,0,0,1.690231,0,0,0,0,TestUser,
0.0023683,1.692599,687,0,0,0,1.692599,0,0,0,0,TestUser,
0.0018285,1.694428,688,0,0,0,1.694428,0,0,0,0,TestUser,
0.0016182,1.696046,689,0,0,0,1.696046,0,0,0,0,TestUser,
0.001824,1.69787,690,0,0,0,1.69787,0,0,0,0,TestUser,
0.0025588,1.700429,691,0,0,0,1.700429,0,0,0,0,TestUser,
0.0023103,1.702739,692,0,0,0,1.702739,0,0,0,0,TestUser,
0.0019567,1.704696,693,0,0,0,1.704696,0,0,0,0,TestUser,
0.0017772,1.706473,694,0,0,0,1.706473,0,0,0,0,TestUser,
0.0023312,1.708804,695,0,0,0,1.708804,0,0,0,0,TestUser,
0.0016812,1.710485,696,0,0,0,1.710485,0,0,0,0,TestUser,
0.0016706,1.712156,697,0,0,0,1.712156,0,0,0,0,TestUser,
0.0017467,1.713903,698,0,0,0,1.713903,0,0,0,0,TestUser,
0.0026292,1.716532,699,0,0,0,1.716532,0,0,0,0,TestUser,
0.001853,1.718385,700,0,0,0,1.718385,0,0,0,0,TestUser,
0.0016716,1.720056,701,0,0,0,1.720056,0,0,0,0,TestUser,
0.0018148,1.721871,702,0,0,0,1.721871,0,0,0,0,TestUser,
0.0015918,1.723463,703,0,0,0,1.723463,0,0,0,0,TestUser,
0.0020075,1.72547,704,0,0,0,1.72547,0,0,0,0,TestUser,
0.0015189,1.726989,705,0,0,0,1.726989,0,0,0,0,TestUser,
0.001604,1.728593,706,0,0,0,1.728593,0,0,0,0,TestUser,
0.0019887,1.730582,707,0,0,0,1.730582,0,0,0,0,TestUser,
0.0024186,1.733001,708,0,0,0,1.733001,0,0,0,0,TestUser,
0.0018417,1.734842,709,0,0,0,1.734842,0,0,0,0,TestUser,
0.0015855,1.736428,710,0,0,0,1.736428,0,0,0,0,TestUser,
0.0019045,1.738332,711,0,0,0,1.738332,0,0,0,0,TestUser,
0.0017768,1.740109,712,0,0,0,1.740109,0,0,0,0,TestUser,
0.0017995,1.741909,713,0,0,0,1.741909,0,0,0,0,TestUser,
0.0014881,1.743397,714,0,0,0,1.743397,0,0,0,0,TestUser,
0.0016126,1.745009,715,0,0,0,1.745009,0,0,0,0,TestUser,
0.0018084,1.746818,716,0,0,0,1.746818,0,0,0,0,TestUser,
0.0022632,1.749081,717,0,0,0,1.749081,0,0,0,0,TestUser,
0.0024849,1.751566,718,0,0,0,1.751566,0,0,0,0,TestUser,
0.0017306,1.753296,719,0,0,0,1.753296,0,0,0,0,TestUser,
0.0016985,1.754995,720,0,0,0,1.754995,0,0,0,0,TestUser,
0.0017743,1.756769,721,0,0,0,1.756769,0,0,0,0,TestUser,
0.001523,1.758292,722,0,0,0,1.758292,0,0,0,0,TestUser,
0.0016713,1.759964,723,0,0,0,1.759964,0,0,0,0,TestUser,
0.0015806,1.761544,724,0,0,0,1.761544,0,0,0,0,TestUser,
0.0018111,1.763355,725,0,0,0,1.763355,0,0,0,0,TestUser,
0.0020355,1.765391,726,0,0,0,1.765391,0,0,0,0,TestUser,
0.0017595,1.76715,727,0,0,0,1.76715,0,0,0,0,TestUser,
0.0015403,1.768691,728,0,0,0,1.768691,0,0,0,0,TestUser,
0.0014607,1.770151,729,0,0,0,1.770151,0,0,0,0,TestUser,
0.0021761,1.772327,730,0,0,0,1.772327,0,0,0,0,TestUser,
0.0016305,1.773958,731,0,0,0,1.773958,0,0,0,0,TestUser,
0.0019727,1.775931,732,0,0,0,1.775931,0,0,0,0,TestUser,
0.0017026,1.777633,733,0,0,0,1.777633,0,0,0,0,TestUser,
0.0016448,1.779278,734,0,0,0,1.779278,0,0,0,0,TestUser,
0.0017816,1.78106,735,0,0,0,1.78106,0,0,0,0,TestUser,
0.0021091,1.783169,736,0,0,0,1.783169,0,0,0,0,TestUser,
0.0017674,1.784936,737,0,0,0,1.784936,0,0,0,0,TestUser,
0.0016535,1.78659,738,0,0,0,1.78659,0,0,0,0,TestUser,
0.0019323,1.788522,739,0,0,0,1.788522,0,0,0,0,TestUser,
0.0172031,1.805725,740,0,0,0,1.805725,0,0,0,0,TestUser,
0.0025814,1.808306,741,0,0,0,1.808306,0,0,0,0,TestUser,
0.0016994,1.810006,742,0,0,0,1.810006,0,0,0,0,TestUser,
0.0019065,1.811912,743,0,0,0,1.811912,0,0,0,0,TestUser,
0.0026499,1.814562,744,0,0,0,1.814562,0,0,0,0,TestUser,
0.0019182,1.81648,745,0,0,0,1.81648,0,0,0,0,TestUser,
0.0016405,1.818121,746,0,0,0,1.818121,0,0,0,0,TestUser,
0.0016161,1.819737,747,0,0,0,1.819737,0,0,0,0,TestUser,
0.0017524,1.821489,748,0,0,0,1.821489,0,0,0,0,TestUser,
0.0019594,1.823449,749,0,0,0,1.823449,0,0,0,0,TestUser,
0.0015809,1.82503,750,0,0,0,1.82503,0,0,0,0,TestUser,
0.0015068,1.826536,751,0,0,0,1.826536,0,0,0,0,TestUser,
0.0019461,1.828483,752,0,0,0,1.828483,0,0,0,0,TestUser,
0.0015313,1.830014,753,0,0,0,1.830014,0,0,0,0,TestUser,
0.0022412,1.832255,754,0,0,0,1.832255,0,0,0,0,TestUser,
0.002351,1.834606,755,0,0,0,1.834606,0,0,0,0,TestUser,
0.0023078,1.836914,756,0,0,0,1.836914,0,0,0,0,TestUser,
0.0015789,1.838493,757,0,0,0,1.838493,0,0,0,0,TestUser,
0.0015698,1.840062,758,0,0,0,1.840062,0,0,0,0,TestUser,
0.0019331,1.841996,759,0,0,0,1.841996,0,0,0,0,TestUser,
0.0015129,1.843509,760,0,0,0,1.843509,0,0,0,0,TestUser,
0.0018426,1.845351,761,0,0,0,1.845351,0,0,0,0,TestUser,
0.0017548,1.847106,762,0,0,0,1.847106,0,0,0,0,TestUser,
0.0021372,1.849243,763,0,0,0,1.849243,0,0,0,0,TestUser,
0.0016352,1.850878,764,0,0,0,1.850878,0,0,0,0,TestUser,
0.0021521,1.85303,765,0,0,0,1.85303,0,0,0,0,TestUser,
0.0015571,1.854588,766,0,0,0,1.854588,0,0,0,0,TestUser,
0.0014938,1.856081,767,0,0,0,1.856081,0,0,0,0,TestUser,
0.0015209,1.857602,768,0,0,0,1.857602,0,0,0,0,TestUser,
0.0015388,1.859141,769,0,0,0,1.859141,0,0,0,0,TestUser,
0.0018194,1.86096,770,0,0,0,1.86096,0,0,0,0,TestUser,
0.0017914,1.862752,771,0,0,0,1.862752,0,0,0,0,TestUser,
0.001621,1.864373,772,0,0,0,1.864373,0,0,0,0,TestUser,
0.0016277,1.866001,773,0,0,0,1.866001,0,0,0,0,TestUser,
0.0023948,1.868395,774,0,0,0,1.868395,0,0,0,0,TestUser,
0.0015102,1.869906,775,0,0,0,1.869906,0,0,0,0,TestUser,
0.0014595,1.871365,776,0,0,0,1.871365,0,0,0,0,TestUser,
0.0015397,1.872905,777,0,0,0,1.872905,0,0,0,0,TestUser,
0.0015632,1.874468,778,0,0,0,1.874468,0,0,0,0,TestUser,
0.0017832,1.876251,779,0,0,0,1.876251,0,0,0,0,TestUser,
0.0014771,1.877728,780,0,0,0,1.877728,0,0,0,0,TestUser,
0.0014762,1.879204,781,0,0,0,1.879204,0,0,0,0,TestUser,
0.0019394,1.881144,782,0,0,0,1.881144,0,0,0,0,TestUser,
0.0031886,1.884332,783,0,0,0,1.884332,0,0,0,0,TestUser,
0.0024681,1.886801,784,0,0,0,1.886801,0,0,0,0,TestUser,
0.0015043,1.888305,785,0,0,0,1.888305,0,0,0,0,TestUser,
0.001539,1.889844,786,0,0,0,1.889844,0,0,0,0,TestUser,
0.0014926,1.891336,787,0,0,0,1.891336,0,0,0,0,TestUser,
0.0019516,1.893288,788,0,0,0,1.893288,0,0,0,0,TestUser,
0.0015467,1.894835,789,0,0,0,1.894835,0,0,0,0,TestUser,
0.0014651,1.8963,790,0,0,0,1.8963,0,0,0,0,TestUser,
0.0017559,1.898056,791,0,0,0,1.898056,0,0,0,0,TestUser,
0.0024431,1.900499,792,0,0,0,1.900499,0,0,0,0,TestUser,
0.001868,1.902367,793,0,0,0,1.902367,0,0,0,0,TestUser,
0.0014813,1.903848,794,0,0,0,1.903848,0,0,0,0,TestUser,
0.0015195,1.905368,795,0,0,0,1.905368,0,0,0,0,TestUser,
0.0014787,1.906846,796,0,0,0,1.906846,0,0,0,0,TestUser,
0.001882,1.908728,797,0,0,0,1.908728,0,0,0,0,TestUser,
0.0015828,1.910311,798,0,0,0,1.910311,0,0,0,0,TestUser,
0.001609,1.91192,799,0,0,0,1.91192,0,0,0,0,TestUser,
0.0019144,1.913835,800,0,0,0,1.913835,0,0,0,0,TestUser,
0.0026021,1.916437,801,0,0,0,1.916437,0,0,0,0,TestUser,
0.0022651,1.918702,802,0,0,0,1.918702,0,0,0,0,TestUser,
0.0015099,1.920212,803,0,0,0,1.920212,0,0,0,0,TestUser,
0.0016768,1.921888,804,0,0,0,1.921888,0,0,0,0,TestUser,
0.0015123,1.923401,805,0,0,0,1.923401,0,0,0,0,TestUser,
0.0018038,1.925205,806,0,0,0,1.925205,0,0,0,0,TestUser,
0.0016,1.926805,807,0,0,0,1.926805,0,0,0,0,TestUser,
0.00173,1.928535,808,0,0,0,1.928535,0,0,0,0,TestUser,
0.0016858,1.93022,809,0,0,0,1.93022,0,0,0,0,TestUser,
0.00245,1.93267,810,0,0,0,1.93267,0,0,0,0,TestUser,
0.0023323,1.935003,811,0,0,0,1.935003,0,0,0,0,TestUser,
0.0015723,1.936575,812,0,0,0,1.936575,0,0,0,0,TestUser,
0.0016943,1.938269,813,0,0,0,1.938269,0,0,0,0,TestUser,
0.0017054,1.939975,814,0,0,0,1.939975,0,0,0,0,TestUser,
0.0017076,1.941682,815,0,0,0,1.941682,0,0,0,0,TestUser,
0.0018444,1.943527,816,0,0,0,1.943527,0,0,0,0,TestUser,
0.0017607,1.945287,817,0,0,0,1.945287,0,0,0,0,TestUser,
0.0018273,1.947115,818,0,0,0,1.947115,0,0,0,0,TestUser,
0.0025523,1.949667,819,0,0,0,1.949667,0,0,0,0,TestUser,
0.0016266,1.951294,820,0,0,0,1.951294,0,0,0,0,TestUser,
0.0015372,1.952831,821,0,0,0,1.952831,0,0,0,0,TestUser,
0.001576,1.954407,822,0,0,0,1.954407,0,0,0,0,TestUser,
0.0016775,1.956084,823,0,0,0,1.956084,0,0,0,0,TestUser,
0.0015521,1.957636,824,0,0,0,1.957636,0,0,0,0,TestUser,
0.0014728,1.959109,825,0,0,0,1.959109,0,0,0,0,TestUser,
0.0018063,1.960915,826,0,0,0,1.960915,0,0,0,0,TestUser,
0.0019501,1.962866,827,0,0,0,1.962866,0,0,0,0,TestUser,
0.002876,1.965742,828,0,0,0,1.965742,0,0,0,0,TestUser,
0.0021392,1.967881,829,0,0,0,1.967881,0,0,0,0,TestUser,
0.001581,1.969462,830,0,0,0,1.969462,0,0,0,0,TestUser,
0.0015536,1.971015,831,0,0,0,1.971015,0,0,0,0,TestUser,
0.0018777,1.972893,832,0,0,0,1.972893,0,0,0,0,TestUser,
0.0015808,1.974474,833,0,0,0,1.974474,0,0,0,0,TestUser,
0.0015938,1.976068,834,0,0,0,1.976068,0,0,0,0,TestUser,
0.0015349,1.977603,835,0,0,0,1.977603,0,0,0,0,TestUser,
0.0014579,1.97906,836,0,0,0,1.97906,0,0,0,0,TestUser,
0.0023487,1.981409,837,0,0,0,1.981409,0,0,0,0,TestUser,
0.0020127,1.983422,838,0,0,0,1.983422,0,0,0,0,TestUser,
0.001504,1.984926,839,0,0,0,1.984926,0,0,0,0,TestUser,
0.0014688,1.986395,840,0,0,0,1.986395,0,0,0,0,TestUser,
0.001961,1.988356,841,0,0,0,1.988356,0,0,0,0,TestUser,
0.0014827,1.989838,842,0,0,0,1.989838,0,0,0,0,TestUser,
0.0015888,1.991427,843,0,0,0,1.991427,0,0,0,0,TestUser,
0.0018507,1.993278,844,0,0,0,1.993278,0,0,0,0,TestUser,
0.0015254,1.994803,845,0,0,0,1.994803,0,0,0,0,TestUser,
0.0024802,1.997283,846,0,0,0,1.997283,0,0,0,0,TestUser,
0.0068085,2.004092,847,0,0,0,2.004092,0,0,0,0,TestUser,
0.002807,2.006899,848,0,0,0,2.006899,0,0,0,0,TestUser,
0.0017962,2.008695,849,0,0,0,2.008695,0,0,0,0,TestUser,
0.0017416,2.010437,850,0,0,0,2.010437,0,0,0,0,TestUser,
0.0020178,2.012455,851,0,0,0,2.012455,0,0,0,0,TestUser,
0.0018059,2.014261,852,0,0,0,2.014261,0,0,0,0,TestUser,
0.0016921,2.015953,853,0,0,0,2.015953,0,0,0,0,TestUser,
0.0014594,2.017412,854,0,0,0,2.017412,0,0,0,0,TestUser,
0.0014209,2.018833,855,0,0,0,2.018833,0,0,0,0,TestUser,
0.0022105,2.021043,856,0,0,0,2.021043,0,0,0,0,TestUser,
0.0019696,2.023013,857,0,0,0,2.023013,0,0,0,0,TestUser,
0.0014077,2.024421,858,0,0,0,2.024421,0,0,0,0,TestUser,
0.0013619,2.025783,859,0,0,0,2.025783,0,0,0,0,TestUser,
0.0013708,2.027153,860,0,0,0,2.027153,0,0,0,0,TestUser,
0.0017756,2.028929,861,0,0,0,2.028929,0,0,0,0,TestUser,
0.0015575,2.030486,862,0,0,0,2.030486,0,0,0,0,TestUser,
0.0016724,2.032159,863,0,0,0,2.032159,0,0,0,0,TestUser,
0.001731,2.03389,864,0,0,0,2.03389,0,0,0,0,TestUser,
0.0015458,2.035436,865,0,0,0,2.035436,0,0,0,0,TestUser,
0.0018981,2.037334,866,0,0,0,2.037334,0,0,0,0,TestUser,
0.0016312,2.038965,867,0,0,0,2.038965,0,0,0,0,TestUser,
0.0014593,2.040424,868,0,0,0,2.040424,0,0,0,0,TestUser,
0.0015371,2.041961,869,0,0,0,2.041961,0,0,0,0,TestUser,
0.0014472,2.043409,870,0,0,0,2.043409,0,0,0,0,TestUser,
0.0018503,2.045259,871,0,0,0,2.045259,0,0,0,0,TestUser,
0.0015774,2.046836,872,0,0,0,2.046836,0,0,0,0,TestUser,
0.0021155,2.048952,873,0,0,0,2.048952,0,0,0,0,TestUser,
0.0016214,2.050573,874,0,0,0,2.050573,0,0,0,0,TestUser,
0.0018329,2.052406,875,0,0,0,2.052406,0,0,0,0,TestUser,
0.0018523,2.054258,876,0,0,0,2.054258,0,0,0,0,TestUser,
0.0021477,2.056406,877,0,0,0,2.056406,0,0,0,0,TestUser,
0.0015264,2.057932,878,0,0,0,2.057932,0,0,0,0,TestUser,
0.0015365,2.059469,879,0,0,0,2.059469,0,0,0,0,TestUser,
0.0017831,2.061252,880,0,0,0,2.061252,0,0,0,0,TestUser,
0.0017459,2.062998,881,0,0,0,2.062998,0,0,0,0,TestUser,
0.0018987,2.064897,882,0,0,0,2.064897,0,0,0,0,TestUser,
0.001594,2.066491,883,0,0,0,2.066491,0,0,0,0,TestUser,
0.001753,2.068244,884,0,0,0,2.068244,0,0,0,0,TestUser,
0.0020042,2.070248,885,0,0,0,2.070248,0,0,0,0,TestUser,
0.0020098,2.072258,886,0,0,0,2.072258,0,0,0,0,TestUser,
0.0019348,2.074193,887,0,0,0,2.074193,0,0,0,0,TestUser,
0.0021489,2.076341,888,0,0,0,2.076341,0,0,0,0,TestUser,
0.0016473,2.077989,889,0,0,0,2.077989,0,0,0,0,TestUser,
0.0015173,2.079506,890,0,0,0,2.079506,0,0,0,0,TestUser,
0.0019175,2.081424,891,0,0,0,2.081424,0,0,0,0,TestUser,
0.0023981,2.083822,892,0,0,0,2.083822,0,0,0,0,TestUser,
0.002235,2.086056,893,0,0,0,2.086056,0,0,0,0,TestUser,
0.0017162,2.087773,894,0,0,0,2.087773,0,0,0,0,TestUser,
0.0015479,2.089321,895,0,0,0,2.089321,0,0,0,0,TestUser,
0.0018691,2.09119,896,0,0,0,2.09119,0,0,0,0,TestUser,
0.0021106,2.0933,897,0,0,0,2.0933,0,0,0,0,TestUser,
0.0015633,2.094864,898,0,0,0,2.094864,0,0,0,0,TestUser,
0.0015877,2.096451,899,0,0,0,2.096451,0,0,0,0,TestUser,
0.0017656,2.098217,900,0,0,0,2.098217,0,0,0,0,TestUser,
0.0023332,2.10055,901,0,0,0,2.10055,0,0,0,0,TestUser,
0.0019319,2.102482,902,0,0,0,2.102482,0,0,0,0,TestUser,
0.0014923,2.103974,903,0,0,0,2.103974,0,0,0,0,TestUser,
0.0014975,2.105472,904,0,0,0,2.105472,0,0,0,0,TestUser,
0.0014042,2.106876,905,0,0,0,2.106876,0,0,0,0,TestUser,
0.0015857,2.108462,906,0,0,0,2.108462,0,0,0,0,TestUser,
0.0015772,2.110039,907,0,0,0,2.110039,0,0,0,0,TestUser,
0.0014571,2.111496,908,0,0,0,2.111496,0,0,0,0,TestUser,
0.0015783,2.113074,909,0,0,0,2.113074,0,0,0,0,TestUser,
0.0022438,2.115318,910,0,0,0,2.115318,0,0,0,0,TestUser,
0.0024579,2.117776,911,0,0,0,2.117776,0,0,0,0,TestUser,
0.0015204,2.119297,912,0,0,0,2.119297,0,0,0,0,TestUser,
0.0017494,2.121046,913,0,0,0,2.121046,0,0,0,0,TestUser,
0.0018022,2.122848,914,0,0,0,2.122848,0,0,0,0,TestUser,
0.002037,2.124885,915,0,0,0,2.124885,0,0,0,0,TestUser,
0.0015114,2.126396,916,0,0,0,2.126396,0,0,0,0,TestUser,
0.0014481,2.127845,917,0,0,0,2.127845,0,0,0,0,TestUser,
0.0014656,2.12931,918,0,0,0,2.12931,0,0,0,0,TestUser,
0.0018871,2.131197,919,0,0,0,2.131197,0,0,0,0,TestUser,
0.0031792,2.134377,920,0,0,0,2.134377,0,0,0,0,TestUser,
0.0015736,2.13595,921,0,0,0,2.13595,0,0,0,0,TestUser,
0.0016035,2.137553,922,0,0,0,2.137553,0,0,0,0,TestUser,
0.0018839,2.139437,923,0,0,0,2.139437,0,0,0,0,TestUser,
0.0017332,2.141171,924,0,0,0,2.141171,0,0,0,0,TestUser,
0.00242,2.143591,925,0,0,0,2.143591,0,0,0,0,TestUser,
0.0015691,2.14516,926,0,0,0,2.14516,0,0,0,0,TestUser,
0.0023586,2.147518,927,0,0,0,2.147518,0,0,0,0,TestUser,
0.0031197,2.150638,928,0,0,0,2.150638,0,0,0,0,TestUser,
0.0017156,2.152354,929,0,0,0,2.152354,0,0,0,0,TestUser,
0.001716,2.15407,930,0,0,0,2.15407,0,0,0,0,TestUser,
0.0016618,2.155731,931,0,0,0,2.155731,0,0,0,0,TestUser,
0.0019121,2.157644,932,0,0,0,2.157644,0,0,0,0,TestUser,
0.0015419,2.159185,933,0,0,0,2.159185,0,0,0,0,TestUser,
0.0015777,2.160763,934,0,0,0,2.160763,0,0,0,0,TestUser,
0.0020468,2.16281,935,0,0,0,2.16281,0,0,0,0,TestUser,
0.0031443,2.165954,936,0,0,0,2.165954,0,0,0,0,TestUser,
0.0027038,2.168658,937,0,0,0,2.168658,0,0,0,0,TestUser,
0.0019676,2.170626,938,0,0,0,2.170626,0,0,0,0,TestUser,
0.0022912,2.172917,939,0,0,0,2.172917,0,0,0,0,TestUser,
0.0016514,2.174568,940,0,0,0,2.174568,0,0,0,0,TestUser,
0.0015789,2.176147,941,0,0,0,2.176147,0,0,0,0,TestUser,
0.0017525,2.1779,942,0,0,0,2.1779,0,0,0,0,TestUser,
0.0016343,2.179534,943,0,0,0,2.179534,0,0,0,0,TestUser,
0.0028286,2.182363,944,0,0,0,2.182363,0,0,0,0,TestUser,
0.0018661,2.184229,945,0,0,0,2.184229,0,0,0,0,TestUser,
0.0015981,2.185827,946,0,0,0,2.185827,0,0,0,0,TestUser,
0.0015729,2.1874,947,0,0,0,2.1874,0,0,0,0,TestUser,
0.0018882,2.189288,948,0,0,0,2.189288,0,0,0,0,TestUser,
0.00158,2.190868,949,0,0,0,2.190868,0,0,0,0,TestUser,
0.0016669,2.192535,950,0,0,0,2.192535,0,0,0,0,TestUser,
0.001652,2.194187,951,0,0,0,2.194187,0,0,0,0,TestUser,
0.0017883,2.195975,952,0,0,0,2.195975,0,0,0,0,TestUser,
0.0018875,2.197863,953,0,0,0,2.197863,0,0,0,0,TestUser,
0.0017381,2.199601,954,0,0,0,2.199601,0,0,0,0,TestUser,
0.0015876,2.201188,955,0,0,0,2.201188,0,0,0,0,TestUser,
0.0019352,2.203123,956,0,0,0,2.203123,0,0,0,0,TestUser,
0.0021168,2.20524,957,0,0,0,2.20524,0,0,0,0,TestUser,
0.0014864,2.206727,958,0,0,0,2.206727,0,0,0,0,TestUser,
0.0016157,2.208342,959,0,0,0,2.208342,0,0,0,0,TestUser,
0.0014186,2.209761,960,0,0,0,2.209761,0,0,0,0,TestUser,
0.0014833,2.211244,961,0,0,0,2.211244,0,0,0,0,TestUser,
0.0019226,2.213167,962,0,0,0,2.213167,0,0,0,0,TestUser,
0.0020637,2.21523,963,0,0,0,2.21523,0,0,0,0,TestUser,
0.001783,2.217014,964,0,0,0,2.217014,0,0,0,0,TestUser,
0.0015743,2.218588,965,0,0,0,2.218588,0,0,0,0,TestUser,
0.0017244,2.220312,966,0,0,0,2.220312,0,0,0,0,TestUser,
0.0019026,2.222215,967,0,0,0,2.222215,0,0,0,0,TestUser,
0.0020599,2.224275,968,0,0,0,2.224275,0,0,0,0,TestUser,
0.0019491,2.226224,969,0,0,0,2.226224,0,0,0,0,TestUser,
0.0031073,2.229331,970,0,0,0,2.229331,0,0,0,0,TestUser,
0.0027834,2.232115,971,0,0,0,2.232115,0,0,0,0,TestUser,
0.0021139,2.234228,972,0,0,0,2.234228,0,0,0,0,TestUser,
0.0022228,2.236451,973,0,0,0,2.236451,0,0,0,0,TestUser,
0.0022362,2.238688,974,0,0,0,2.238688,0,0,0,0,TestUser,
0.0020136,2.240701,975,0,0,0,2.240701,0,0,0,0,TestUser,
0.002136,2.242837,976,0,0,0,2.242837,0,0,0,0,TestUser,
0.0020484,2.244885,977,0,0,0,2.244885,0,0,0,0,TestUser,
0.0022795,2.247165,978,0,0,0,2.247165,0,0,0,0,TestUser,
0.0023735,2.249538,979,0,0,0,2.249538,0,0,0,0,TestUser,
0.0030086,2.252547,980,0,0,0,2.252547,0,0,0,0,TestUser,
0.002217,2.254764,981,0,0,0,2.254764,0,0,0,0,TestUser,
0.0022592,2.257023,982,0,0,0,2.257023,0,0,0,0,TestUser,
0.0021549,2.259178,983,0,0,0,2.259178,0,0,0,0,TestUser,
0.0019569,2.261135,984,0,0,0,2.261135,0,0,0,0,TestUser,
0.0020264,2.263161,985,0,0,0,2.263161,0,0,0,0,TestUser,
0.0024404,2.265602,986,0,0,0,2.265602,0,0,0,0,TestUser,
0.0018738,2.267476,987,0,0,0,2.267476,0,0,0,0,TestUser,
0.0021784,2.269654,988,0,0,0,2.269654,0,0,0,0,TestUser,
0.00189,2.271544,989,0,0,0,2.271544,0,0,0,0,TestUser,
0.0020522,2.273596,990,0,0,0,2.273596,0,0,0,0,TestUser,
0.0019858,2.275582,991,0,0,0,2.275582,0,0,0,0,TestUser,
0.0018637,2.277446,992,0,0,0,2.277446,0,0,0,0,TestUser,
0.0019006,2.279346,993,0,0,0,2.279346,0,0,0,0,TestUser,
0.0024373,2.281784,994,0,0,0,2.281784,0,0,0,0,TestUser,
0.0037921,2.285576,995,0,0,0,2.285576,0,0,0,0,TestUser,
0.0020136,2.287589,996,0,0,0,2.287589,0,0,0,0,TestUser,
0.0018493,2.289439,997,0,0,0,2.289439,0,0,0,0,TestUser,
0.0018398,2.291278,998,0,0,0,2.291278,0,0,0,0,TestUser,
0.0018049,2.293083,999,0,0,0,2.293083,0,0,0,0,TestUser,
0.0017617,2.294845,1000,0,0,0,2.294845,0,0,0,0,TestUser,
0.0017263,2.296571,1001,0,0,0,2.296571,0,0,0,0,TestUser,
0.0022355,2.298807,1002,0,0,0,2.298807,0,0,0,0,TestUser,
0.0020421,2.300849,1003,0,0,0,2.300849,0,0,0,0,TestUser,
0.0019432,2.302792,1004,0,0,0,2.302792,0,0,0,0,TestUser,
0.0016526,2.304445,1005,0,0,0,2.304445,0,0,0,0,TestUser,
0.0016333,2.306078,1006,0,0,0,2.306078,0,0,0,0,TestUser,
0.0017215,2.3078,1007,0,0,0,2.3078,0,0,0,0,TestUser,
0.0020135,2.309813,1008,0,0,0,2.309813,0,0,0,0,TestUser,
0.0017309,2.311544,1009,0,0,0,2.311544,0,0,0,0,TestUser,
0.0017887,2.313333,1010,0,0,0,2.313333,0,0,0,0,TestUser,
0.0021791,2.315512,1011,0,0,0,2.315512,0,0,0,0,TestUser,
0.0018121,2.317324,1012,0,0,0,2.317324,0,0,0,0,TestUser,
0.0017088,2.319033,1013,0,0,0,2.319033,0,0,0,0,TestUser,
0.0016938,2.320726,1014,0,0,0,2.320726,0,0,0,0,TestUser,
0.0020344,2.322761,1015,0,0,0,2.322761,0,0,0,0,TestUser,
0.0021889,2.32495,1016,0,0,0,2.32495,0,0,0,0,TestUser,
0.0017789,2.326729,1017,0,0,0,2.326729,0,0,0,0,TestUser,
0.0015808,2.32831,1018,0,0,0,2.32831,0,0,0,0,TestUser,
0.0015645,2.329874,1019,0,0,0,2.329874,0,0,0,0,TestUser,
0.0019083,2.331782,1020,0,0,0,2.331782,0,0,0,0,TestUser,
0.002102,2.333884,1021,0,0,0,2.333884,0,0,0,0,TestUser,
0.0016098,2.335494,1022,0,0,0,2.335494,0,0,0,0,TestUser,
0.0015025,2.336997,1023,0,0,0,2.336997,0,0,0,0,TestUser,
0.0016267,2.338623,1024,0,0,0,2.338623,0,0,0,0,TestUser,
0.0022891,2.340912,1025,0,0,0,2.340912,0,0,0,0,TestUser,
0.0017783,2.342691,1026,0,0,0,2.342691,0,0,0,0,TestUser,
0.0015853,2.344276,1027,0,0,0,2.344276,0,0,0,0,TestUser,
0.0018396,2.346116,1028,0,0,0,2.346116,0,0,0,0,TestUser,
0.0018943,2.34801,1029,0,0,0,2.34801,0,0,0,0,TestUser,
0.0017525,2.349762,1030,0,0,0,2.349762,0,0,0,0,TestUser,
0.001462,2.351224,1031,0,0,0,2.351224,0,0,0,0,TestUser,
0.0014389,2.352663,1032,0,0,0,2.352663,0,0,0,0,TestUser,
0.0014665,2.35413,1033,0,0,0,2.35413,0,0,0,0,TestUser,
0.0014906,2.35562,1034,0,0,0,2.35562,0,0,0,0,TestUser,
0.0014022,2.357023,1035,0,0,0,2.357023,0,0,0,0,TestUser,
0.0013977,2.35842,1036,0,0,0,2.35842,0,0,0,0,TestUser,
0.0014788,2.359899,1037,0,0,0,2.359899,0,0,0,0,TestUser,
0.0015935,2.361493,1038,0,0,0,2.361493,0,0,0,0,TestUser,
0.0016434,2.363136,1039,0,0,0,2.363136,0,0,0,0,TestUser,
0.0015504,2.364686,1040,0,0,0,2.364686,0,0,0,0,TestUser,
0.0015499,2.366236,1041,0,0,0,2.366236,0,0,0,0,TestUser,
0.0014493,2.367686,1042,0,0,0,2.367686,0,0,0,0,TestUser,
0.0014108,2.369096,1043,0,0,0,2.369096,0,0,0,0,TestUser,
0.0014105,2.370507,1044,0,0,0,2.370507,0,0,0,0,TestUser,
0.0014836,2.37199,1045,0,0,0,2.37199,0,0,0,0,TestUser,
0.0016164,2.373607,1046,0,0,0,2.373607,0,0,0,0,TestUser,
0.0017805,2.375387,1047,0,0,0,2.375387,0,0,0,0,TestUser,
0.001998,2.377385,1048,0,0,0,2.377385,0,0,0,0,TestUser,
0.0019343,2.37932,1049,0,0,0,2.37932,0,0,0,0,TestUser,
0.0027237,2.382043,1050,0,0,0,2.382043,0,0,0,0,TestUser,
0.0023773,2.384421,1051,0,0,0,2.384421,0,0,0,0,TestUser,
0.0017333,2.386154,1052,0,0,0,2.386154,0,0,0,0,TestUser,
0.0060411,2.392195,1053,0,0,0,2.392195,0,0,0,0,TestUser,
0.0027905,2.394985,1054,0,0,0,2.394985,0,0,0,0,TestUser,
0.0017077,2.396693,1055,0,0,0,2.396693,0,0,0,0,TestUser,
0.0017021,2.398395,1056,0,0,0,2.398395,0,0,0,0,TestUser,
0.0015503,2.399946,1057,0,0,0,2.399946,0,0,0,0,TestUser,
0.0014225,2.401368,1058,0,0,0,2.401368,0,0,0,0,TestUser,
0.001638,2.403006,1059,0,0,0,2.403006,0,0,0,0,TestUser,
0.0014158,2.404422,1060,0,0,0,2.404422,0,0,0,0,TestUser,
0.0015137,2.405936,1061,0,0,0,2.405936,0,0,0,0,TestUser,
0.0015147,2.40745,1062,0,0,0,2.40745,0,0,0,0,TestUser,
0.0013922,2.408843,1063,0,0,0,2.408843,0,0,0,0,TestUser,
0.0013921,2.410235,1064,0,0,0,2.410235,0,0,0,0,TestUser,
0.0015272,2.411762,1065,0,0,0,2.411762,0,0,0,0,TestUser,
0.0017641,2.413526,1066,0,0,0,2.413526,0,0,0,0,TestUser,
0.00221,2.415736,1067,0,0,0,2.415736,0,0,0,0,TestUser,
0.0018017,2.417538,1068,0,0,0,2.417538,0,0,0,0,TestUser,
0.0014722,2.41901,1069,0,0,0,2.41901,0,0,0,0,TestUser,
0.0014238,2.420434,1070,0,0,0,2.420434,0,0,0,0,TestUser,
0.0023562,2.42279,1071,0,0,0,2.42279,0,0,0,0,TestUser,
0.0019802,2.42477,1072,0,0,0,2.42477,0,0,0,0,TestUser,
0.001951,2.426721,1073,0,0,0,2.426721,0,0,0,0,TestUser,
0.0023443,2.429065,1074,0,0,0,2.429065,0,0,0,0,TestUser,
0.0017264,2.430792,1075,0,0,0,2.430792,0,0,0,0,TestUser,
0.0017514,2.432543,1076,0,0,0,2.432543,0,0,0,0,TestUser,
0.0015081,2.434051,1077,0,0,0,2.434051,0,0,0,0,TestUser,
0.0014511,2.435502,1078,0,0,0,2.435502,0,0,0,0,TestUser,
0.0015303,2.437033,1079,0,0,0,2.437033,0,0,0,0,TestUser,
0.0015466,2.438579,1080,0,0,0,2.438579,0,0,0,0,TestUser,
0.0015585,2.440138,1081,0,0,0,2.440138,0,0,0,0,TestUser,
0.0017381,2.441876,1082,0,0,0,2.441876,0,0,0,0,TestUser,
0.0016282,2.443504,1083,0,0,0,2.443504,0,0,0,0,TestUser,
0.0015767,2.445081,1084,0,0,0,2.445081,0,0,0,0,TestUser,
0.0015168,2.446598,1085,0,0,0,2.446598,0,0,0,0,TestUser,
0.001584,2.448182,1086,0,0,0,2.448182,0,0,0,0,TestUser,
0.0015466,2.449728,1087,0,0,0,2.449728,0,0,0,0,TestUser,
0.0014691,2.451197,1088,0,0,0,2.451197,0,0,0,0,TestUser,
0.0015633,2.45276,1089,0,0,0,2.45276,0,0,0,0,TestUser,
0.0015525,2.454313,1090,0,0,0,2.454313,0,0,0,0,TestUser,
0.0014513,2.455764,1091,0,0,0,2.455764,0,0,0,0,TestUser,
0.0015561,2.45732,1092,0,0,0,2.45732,0,0,0,0,TestUser,
0.001446,2.458766,1093,0,0,0,2.458766,0,0,0,0,TestUser,
0.0015195,2.460286,1094,0,0,0,2.460286,0,0,0,0,TestUser,
0.0016782,2.461964,1095,0,0,0,2.461964,0,0,0,0,TestUser,
0.001653,2.463617,1096,0,0,0,2.463617,0,0,0,0,TestUser,
0.001999,2.465616,1097,0,0,0,2.465616,0,0,0,0,TestUser,
0.0019487,2.467565,1098,0,0,0,2.467565,0,0,0,0,TestUser,
0.0019001,2.469465,1099,0,0,0,2.469465,0,0,0,0,TestUser,
0.0015345,2.470999,1100,0,0,0,2.470999,0,0,0,0,TestUser,
0.0015346,2.472534,1101,0,0,0,2.472534,0,0,0,0,TestUser,
0.0015239,2.474058,1102,0,0,0,2.474058,0,0,0,0,TestUser,
0.0014015,2.475459,1103,0,0,0,2.475459,0,0,0,0,TestUser,
0.0013995,2.476859,1104,0,0,0,2.476859,0,0,0,0,TestUser,
0.0014275,2.478287,1105,0,0,0,2.478287,0,0,0,0,TestUser,
0.0016885,2.479975,1106,0,0,0,2.479975,0,0,0,0,TestUser,
0.0025195,2.482494,1107,0,0,0,2.482494,0,0,0,0,TestUser,
0.0020635,2.484558,1108,0,0,0,2.484558,0,0,0,0,TestUser,
0.0014919,2.48605,1109,0,0,0,2.48605,0,0,0,0,TestUser,
0.0014682,2.487518,1110,0,0,0,2.487518,0,0,0,0,TestUser,
0.0014556,2.488974,1111,0,0,0,2.488974,0,0,0,0,TestUser,
0.0013931,2.490367,1112,0,0,0,2.490367,0,0,0,0,TestUser,
0.0064505,2.496817,1113,0,0,0,2.496817,0,0,0,0,TestUser,
